new,OBJECTID,czcID,lon1,lat1,lon2,lat2
1,1,1,114.0414319,22.71178237,114.0450434,22.71991558
2,2,1,114.0424053,22.71178212,114.0450434,22.71991558
3,3,1,114.0433786,22.71178186,114.0450434,22.71991558
4,4,1,114.044352,22.71178159,114.0450434,22.71991558
5,5,1,114.0453253,22.71178132,114.0450434,22.71991558
6,6,1,114.0462986,22.71178104,114.0450434,22.71991558
7,7,1,114.047272,22.71178075,114.0450434,22.71991558
8,8,1,114.0482453,22.71178046,114.0450434,22.71991558
9,9,1,114.0492187,22.71178017,114.0450434,22.71991558
10,10,1,114.0394855,22.71268588,114.0450434,22.71991558
11,11,1,114.0404589,22.71268564,114.0450434,22.71991558
12,12,1,114.0414322,22.71268539,114.0450434,22.71991558
13,13,1,114.0424056,22.71268513,114.0450434,22.71991558
14,14,1,114.0433789,22.71268487,114.0450434,22.71991558
15,15,1,114.0443523,22.71268461,114.0450434,22.71991558
16,16,1,114.0453256,22.71268433,114.0450434,22.71991558
17,17,1,114.0462989,22.71268405,114.0450434,22.71991558
18,18,1,114.0472723,22.71268377,114.0450434,22.71991558
19,19,1,114.0482456,22.71268348,114.0450434,22.71991558
20,20,1,114.049219,22.71268318,114.0450434,22.71991558
21,21,1,114.0501923,22.71268288,114.0450434,22.71991558
22,22,1,114.0385124,22.71358913,114.0450434,22.71991558
23,23,1,114.0394858,22.7135889,114.0450434,22.71991558
24,24,1,114.0404591,22.71358865,114.0450434,22.71991558
25,25,1,114.0414325,22.7135884,114.0450434,22.71991558
26,26,1,114.0424058,22.71358815,114.0450434,22.71991558
27,27,1,114.0433792,22.71358789,114.0450434,22.71991558
28,28,1,114.0443525,22.71358762,114.0450434,22.71991558
29,29,1,114.0453259,22.71358735,114.0450434,22.71991558
30,30,1,114.0462993,22.71358707,114.0450434,22.71991558
31,31,1,114.0472726,22.71358679,114.0450434,22.71991558
32,32,1,114.048246,22.71358649,114.0450434,22.71991558
33,33,1,114.0492193,22.7135862,114.0450434,22.71991558
34,34,1,114.0501927,22.7135859,114.0450434,22.71991558
35,35,1,114.051166,22.71358559,114.0450434,22.71991558
36,36,1,114.0375393,22.71449238,114.0450434,22.71991558
37,37,1,114.0385127,22.71449215,114.0450434,22.71991558
38,38,1,114.039486,22.71449191,114.0450434,22.71991558
39,39,1,114.0404594,22.71449167,114.0450434,22.71991558
40,40,1,114.0414328,22.71449142,114.0450434,22.71991558
41,41,1,114.0424061,22.71449117,114.0450434,22.71991558
42,42,1,114.0433795,22.7144909,114.0450434,22.71991558
43,43,1,114.0443528,22.71449064,114.0450434,22.71991558
44,44,1,114.0453262,22.71449036,114.0450434,22.71991558
45,45,1,114.0462996,22.71449009,114.0450434,22.71991558
46,46,1,114.0472729,22.7144898,114.0450434,22.71991558
47,47,1,114.0482463,22.71448951,114.0450434,22.71991558
48,48,1,114.0492196,22.71448921,114.0450434,22.71991558
49,49,1,114.050193,22.71448891,114.0450434,22.71991558
50,50,1,114.0511664,22.7144886,114.0450434,22.71991558
51,51,1,114.0521397,22.71448829,114.0450434,22.71991558
52,52,1,114.0375396,22.7153954,114.0450434,22.71991558
53,53,1,114.0385129,22.71539517,114.0450434,22.71991558
54,54,1,114.0394863,22.71539493,114.0450434,22.71991558
55,55,1,114.0404597,22.71539469,114.0450434,22.71991558
56,56,1,114.041433,22.71539444,114.0450434,22.71991558
57,57,1,114.0424064,22.71539418,114.0450434,22.71991558
58,58,1,114.0433798,22.71539392,114.0450434,22.71991558
59,59,1,114.0443531,22.71539365,114.0450434,22.71991558
60,60,1,114.0453265,22.71539338,114.0450434,22.71991558
61,61,1,114.0462999,22.7153931,114.0450434,22.71991558
62,62,1,114.0472732,22.71539282,114.0450434,22.71991558
63,63,1,114.0482466,22.71539253,114.0450434,22.71991558
64,64,1,114.04922,22.71539223,114.0450434,22.71991558
65,65,1,114.0501933,22.71539193,114.0450434,22.71991558
66,66,1,114.0511667,22.71539162,114.0450434,22.71991558
67,67,1,114.0521401,22.7153913,114.0450434,22.71991558
68,68,1,114.0531134,22.71539098,114.0450434,22.71991558
69,69,1,114.0365664,22.71629864,114.0450434,22.71991558
70,70,1,114.0375398,22.71629841,114.0450434,22.71991558
71,71,1,114.0385132,22.71629818,114.0450434,22.71991558
72,72,1,114.0394866,22.71629794,114.0450434,22.71991558
73,73,1,114.0404599,22.7162977,114.0450434,22.71991558
74,74,1,114.0414333,22.71629745,114.0450434,22.71991558
75,75,1,114.0424067,22.7162972,114.0450434,22.71991558
76,76,1,114.04338,22.71629694,114.0450434,22.71991558
77,77,1,114.0443534,22.71629667,114.0450434,22.71991558
78,78,1,114.0453268,22.7162964,114.0450434,22.71991558
79,79,1,114.0463002,22.71629612,114.0450434,22.71991558
80,80,1,114.0472735,22.71629583,114.0450434,22.71991558
81,81,1,114.0482469,22.71629554,114.0450434,22.71991558
82,82,1,114.0492203,22.71629524,114.0450434,22.71991558
83,83,1,114.0501937,22.71629494,114.0450434,22.71991558
84,84,1,114.051167,22.71629463,114.0450434,22.71991558
85,85,1,114.0521404,22.71629432,114.0450434,22.71991558
86,86,1,114.0531138,22.716294,114.0450434,22.71991558
87,87,1,114.0365667,22.71720165,114.0450434,22.71991558
88,88,1,114.0375401,22.71720143,114.0450434,22.71991558
89,89,1,114.0385134,22.7172012,114.0450434,22.71991558
90,90,1,114.0394868,22.71720096,114.0450434,22.71991558
91,91,1,114.0404602,22.71720072,114.0450434,22.71991558
92,92,1,114.0414336,22.71720047,114.0450434,22.71991558
93,93,1,114.042407,22.71720021,114.0450434,22.71991558
94,94,1,114.0433803,22.71719995,114.0450434,22.71991558
95,95,1,114.0443537,22.71719968,114.0450434,22.71991558
96,96,1,114.0453271,22.71719941,114.0450434,22.71991558
97,97,1,114.0463005,22.71719913,114.0450434,22.71991558
98,98,1,114.0472738,22.71719885,114.0450434,22.71991558
99,99,1,114.0482472,22.71719856,114.0450434,22.71991558
100,100,1,114.0492206,22.71719826,114.0450434,22.71991558
101,101,1,114.050194,22.71719796,114.0450434,22.71991558
102,102,1,114.0511674,22.71719765,114.0450434,22.71991558
103,103,1,114.0521407,22.71719733,114.0450434,22.71991558
104,104,1,114.0531141,22.71719701,114.0450434,22.71991558
105,105,1,114.0540875,22.71719669,114.0450434,22.71991558
106,106,1,114.0355935,22.71810489,114.0450434,22.71991558
107,107,1,114.0365669,22.71810467,114.0450434,22.71991558
108,108,1,114.0375403,22.71810444,114.0450434,22.71991558
109,109,1,114.0385137,22.71810421,114.0450434,22.71991558
110,110,1,114.0394871,22.71810397,114.0450434,22.71991558
111,111,1,114.0404605,22.71810373,114.0450434,22.71991558
112,112,1,114.0414338,22.71810348,114.0450434,22.71991558
113,113,1,114.0424072,22.71810323,114.0450434,22.71991558
114,114,1,114.0433806,22.71810297,114.0450434,22.71991558
115,115,1,114.044354,22.7181027,114.0450434,22.71991558
116,116,1,114.0453274,22.71810243,114.0450434,22.71991558
117,117,1,114.0463008,22.71810215,114.0450434,22.71991558
118,118,1,114.0472742,22.71810186,114.0450434,22.71991558
119,119,1,114.0482475,22.71810157,114.0450434,22.71991558
120,120,1,114.0492209,22.71810127,114.0450434,22.71991558
121,121,1,114.0501943,22.71810097,114.0450434,22.71991558
122,122,1,114.0511677,22.71810066,114.0450434,22.71991558
123,123,1,114.0521411,22.71810035,114.0450434,22.71991558
124,124,1,114.0531145,22.71810003,114.0450434,22.71991558
125,125,1,114.0540879,22.7180997,114.0450434,22.71991558
126,126,1,114.0355938,22.7190079,114.0450434,22.71991558
127,127,1,114.0365672,22.71900768,114.0450434,22.71991558
128,128,1,114.0375405,22.71900746,114.0450434,22.71991558
129,129,1,114.0385139,22.71900723,114.0450434,22.71991558
130,130,1,114.0394873,22.71900699,114.0450434,22.71991558
131,131,1,114.0404607,22.71900675,114.0450434,22.71991558
132,132,1,114.0414341,22.7190065,114.0450434,22.71991558
133,133,1,114.0424075,22.71900624,114.0450434,22.71991558
134,134,1,114.0433809,22.71900598,114.0450434,22.71991558
135,135,1,114.0443543,22.71900571,114.0450434,22.71991558
136,136,1,114.0453277,22.71900544,114.0450434,22.71991558
137,137,1,114.0463011,22.71900516,114.0450434,22.71991558
138,138,1,114.0472745,22.71900488,114.0450434,22.71991558
139,139,1,114.0482479,22.71900459,114.0450434,22.71991558
140,140,1,114.0492213,22.71900429,114.0450434,22.71991558
141,141,1,114.0501946,22.71900399,114.0450434,22.71991558
142,142,1,114.051168,22.71900368,114.0450434,22.71991558
143,143,1,114.0521414,22.71900336,114.0450434,22.71991558
144,144,1,114.0531148,22.71900304,114.0450434,22.71991558
145,145,1,114.0540882,22.71900272,114.0450434,22.71991558
146,146,1,114.035594,22.71991092,114.0450434,22.71991558
147,147,1,114.0365674,22.7199107,114.0450434,22.71991558
148,148,1,114.0375408,22.71991047,114.0450434,22.71991558
149,149,1,114.0385142,22.71991024,114.0450434,22.71991558
150,150,1,114.0394876,22.71991,114.0450434,22.71991558
151,151,1,114.040461,22.71990976,114.0450434,22.71991558
152,152,1,114.0414344,22.71990951,114.0450434,22.71991558
153,153,1,114.0424078,22.71990926,114.0450434,22.71991558
154,154,1,114.0433812,22.719909,114.0450434,22.71991558
155,155,1,114.0443546,22.71990873,114.0450434,22.71991558
156,156,1,114.045328,22.71990846,114.0450434,22.71991558
157,157,1,114.0463014,22.71990818,114.0450434,22.71991558
158,158,1,114.0472748,22.71990789,114.0450434,22.71991558
159,159,1,114.0482482,22.7199076,114.0450434,22.71991558
160,160,1,114.0492216,22.7199073,114.0450434,22.71991558
161,161,1,114.050195,22.719907,114.0450434,22.71991558
162,162,1,114.0511684,22.71990669,114.0450434,22.71991558
163,163,1,114.0521418,22.71990638,114.0450434,22.71991558
164,164,1,114.0531152,22.71990606,114.0450434,22.71991558
165,165,1,114.0540886,22.71990573,114.0450434,22.71991558
166,166,1,114.0355942,22.72081393,114.0450434,22.71991558
167,167,1,114.0365676,22.72081371,114.0450434,22.71991558
168,168,1,114.037541,22.72081349,114.0450434,22.71991558
169,169,1,114.0385144,22.72081326,114.0450434,22.71991558
170,170,1,114.0394879,22.72081302,114.0450434,22.71991558
171,171,1,114.0404613,22.72081278,114.0450434,22.71991558
172,172,1,114.0414347,22.72081253,114.0450434,22.71991558
173,173,1,114.0424081,22.72081227,114.0450434,22.71991558
174,174,1,114.0433815,22.72081201,114.0450434,22.71991558
175,175,1,114.0443549,22.72081174,114.0450434,22.71991558
176,176,1,114.0453283,22.72081147,114.0450434,22.71991558
177,177,1,114.0463017,22.72081119,114.0450434,22.71991558
178,178,1,114.0472751,22.72081091,114.0450434,22.71991558
179,179,1,114.0482485,22.72081062,114.0450434,22.71991558
180,180,1,114.0492219,22.72081032,114.0450434,22.71991558
181,181,1,114.0501953,22.72081002,114.0450434,22.71991558
182,182,1,114.0511687,22.72080971,114.0450434,22.71991558
183,183,1,114.0521421,22.72080939,114.0450434,22.71991558
184,184,1,114.0531155,22.72080907,114.0450434,22.71991558
185,185,1,114.0540889,22.72080875,114.0450434,22.71991558
186,186,1,114.0355945,22.72171695,114.0450434,22.71991558
187,187,1,114.0365679,22.72171673,114.0450434,22.71991558
188,188,1,114.0375413,22.7217165,114.0450434,22.71991558
189,189,1,114.0385147,22.72171627,114.0450434,22.71991558
190,190,1,114.0394881,22.72171603,114.0450434,22.71991558
191,191,1,114.0404615,22.72171579,114.0450434,22.71991558
192,192,1,114.0414349,22.72171554,114.0450434,22.71991558
193,193,1,114.0424083,22.72171529,114.0450434,22.71991558
194,194,1,114.0433818,22.72171502,114.0450434,22.71991558
195,195,1,114.0443552,22.72171476,114.0450434,22.71991558
196,196,1,114.0453286,22.72171448,114.0450434,22.71991558
197,197,1,114.046302,22.72171421,114.0450434,22.71991558
198,198,1,114.0472754,22.72171392,114.0450434,22.71991558
199,199,1,114.0482488,22.72171363,114.0450434,22.71991558
200,200,1,114.0492222,22.72171333,114.0450434,22.71991558
201,201,1,114.0501956,22.72171303,114.0450434,22.71991558
202,202,1,114.051169,22.72171272,114.0450434,22.71991558
203,203,1,114.0521425,22.72171241,114.0450434,22.71991558
204,204,1,114.0531159,22.72171209,114.0450434,22.71991558
205,205,1,114.0540893,22.72171176,114.0450434,22.71991558
206,206,1,114.0365681,22.72261974,114.0450434,22.71991558
207,207,1,114.0375415,22.72261952,114.0450434,22.71991558
208,208,1,114.038515,22.72261929,114.0450434,22.71991558
209,209,1,114.0394884,22.72261905,114.0450434,22.71991558
210,210,1,114.0404618,22.72261881,114.0450434,22.71991558
211,211,1,114.0414352,22.72261856,114.0450434,22.71991558
212,212,1,114.0424086,22.7226183,114.0450434,22.71991558
213,213,1,114.043382,22.72261804,114.0450434,22.71991558
214,214,1,114.0443555,22.72261777,114.0450434,22.71991558
215,215,1,114.0453289,22.7226175,114.0450434,22.71991558
216,216,1,114.0463023,22.72261722,114.0450434,22.71991558
217,217,1,114.0472757,22.72261694,114.0450434,22.71991558
218,218,1,114.0482491,22.72261665,114.0450434,22.71991558
219,219,1,114.0492225,22.72261635,114.0450434,22.71991558
220,220,1,114.050196,22.72261605,114.0450434,22.71991558
221,221,1,114.0511694,22.72261574,114.0450434,22.71991558
222,222,1,114.0521428,22.72261542,114.0450434,22.71991558
223,223,1,114.0531162,22.7226151,114.0450434,22.71991558
224,224,1,114.0540896,22.72261478,114.0450434,22.71991558
225,225,1,114.0365684,22.72352276,114.0450434,22.71991558
226,226,1,114.0375418,22.72352253,114.0450434,22.71991558
227,227,1,114.0385152,22.7235223,114.0450434,22.71991558
228,228,1,114.0394886,22.72352206,114.0450434,22.71991558
229,229,1,114.0404621,22.72352182,114.0450434,22.71991558
230,230,1,114.0414355,22.72352157,114.0450434,22.71991558
231,231,1,114.0424089,22.72352132,114.0450434,22.71991558
232,232,1,114.0433823,22.72352105,114.0450434,22.71991558
233,233,1,114.0443557,22.72352079,114.0450434,22.71991558
234,234,1,114.0453292,22.72352051,114.0450434,22.71991558
235,235,1,114.0463026,22.72352024,114.0450434,22.71991558
236,236,1,114.047276,22.72351995,114.0450434,22.71991558
237,237,1,114.0482494,22.72351966,114.0450434,22.71991558
238,238,1,114.0492229,22.72351936,114.0450434,22.71991558
239,239,1,114.0501963,22.72351906,114.0450434,22.71991558
240,240,1,114.0511697,22.72351875,114.0450434,22.71991558
241,241,1,114.0521431,22.72351844,114.0450434,22.71991558
242,242,1,114.0531166,22.72351812,114.0450434,22.71991558
243,243,1,114.037542,22.72442555,114.0450434,22.71991558
244,244,1,114.0385155,22.72442532,114.0450434,22.71991558
245,245,1,114.0394889,22.72442508,114.0450434,22.71991558
246,246,1,114.0404623,22.72442483,114.0450434,22.71991558
247,247,1,114.0414357,22.72442458,114.0450434,22.71991558
248,248,1,114.0424092,22.72442433,114.0450434,22.71991558
249,249,1,114.0433826,22.72442407,114.0450434,22.71991558
250,250,1,114.044356,22.7244238,114.0450434,22.71991558
251,251,1,114.0453295,22.72442353,114.0450434,22.71991558
252,252,1,114.0463029,22.72442325,114.0450434,22.71991558
253,253,1,114.0472763,22.72442296,114.0450434,22.71991558
254,254,1,114.0482498,22.72442267,114.0450434,22.71991558
255,255,1,114.0492232,22.72442238,114.0450434,22.71991558
256,256,1,114.0501966,22.72442207,114.0450434,22.71991558
257,257,1,114.05117,22.72442177,114.0450434,22.71991558
258,258,1,114.0521435,22.72442145,114.0450434,22.71991558
259,259,1,114.0531169,22.72442113,114.0450434,22.71991558
260,260,1,114.0375423,22.72532856,114.0450434,22.71991558
261,261,1,114.0385157,22.72532833,114.0450434,22.71991558
262,262,1,114.0394891,22.72532809,114.0450434,22.71991558
263,263,1,114.0404626,22.72532785,114.0450434,22.71991558
264,264,1,114.041436,22.7253276,114.0450434,22.71991558
265,265,1,114.0424095,22.72532734,114.0450434,22.71991558
266,266,1,114.0433829,22.72532708,114.0450434,22.71991558
267,267,1,114.0443563,22.72532682,114.0450434,22.71991558
268,268,1,114.0453298,22.72532654,114.0450434,22.71991558
269,269,1,114.0463032,22.72532626,114.0450434,22.71991558
270,270,1,114.0472766,22.72532598,114.0450434,22.71991558
271,271,1,114.0482501,22.72532569,114.0450434,22.71991558
272,272,1,114.0492235,22.72532539,114.0450434,22.71991558
273,273,1,114.0501969,22.72532509,114.0450434,22.71991558
274,274,1,114.0511704,22.72532478,114.0450434,22.71991558
275,275,1,114.0521438,22.72532447,114.0450434,22.71991558
276,276,1,114.038516,22.72623134,114.0450434,22.71991558
277,277,1,114.0394894,22.72623111,114.0450434,22.71991558
278,278,1,114.0404628,22.72623086,114.0450434,22.71991558
279,279,1,114.0414363,22.72623061,114.0450434,22.71991558
280,280,1,114.0424097,22.72623036,114.0450434,22.71991558
281,281,1,114.0433832,22.7262301,114.0450434,22.71991558
282,282,1,114.0443566,22.72622983,114.0450434,22.71991558
283,283,1,114.0453301,22.72622956,114.0450434,22.71991558
284,284,1,114.0463035,22.72622928,114.0450434,22.71991558
285,285,1,114.0472769,22.72622899,114.0450434,22.71991558
286,286,1,114.0482504,22.7262287,114.0450434,22.71991558
287,287,1,114.0492238,22.72622841,114.0450434,22.71991558
288,288,1,114.0501973,22.7262281,114.0450434,22.71991558
289,289,1,114.0511707,22.72622779,114.0450434,22.71991558
290,290,1,114.0394897,22.72713412,114.0450434,22.71991558
291,291,1,114.0404631,22.72713388,114.0450434,22.71991558
292,292,1,114.0414366,22.72713363,114.0450434,22.71991558
293,293,1,114.04241,22.72713337,114.0450434,22.71991558
294,294,1,114.0433835,22.72713311,114.0450434,22.71991558
295,295,1,114.0443569,22.72713284,114.0450434,22.71991558
296,296,1,114.0453304,22.72713257,114.0450434,22.71991558
297,297,1,114.0463038,22.72713229,114.0450434,22.71991558
298,298,1,114.0472773,22.72713201,114.0450434,22.71991558
299,299,1,114.0482507,22.72713172,114.0450434,22.71991558
300,300,1,114.0492242,22.72713142,114.0450434,22.71991558
301,301,1,114.0501976,22.72713112,114.0450434,22.71991558
302,302,1,114.0414368,22.72803664,114.0450434,22.71991558
303,303,1,114.0424103,22.72803639,114.0450434,22.71991558
304,304,1,114.0433837,22.72803613,114.0450434,22.71991558
305,305,1,114.0443572,22.72803586,114.0450434,22.71991558
306,306,1,114.0453307,22.72803559,114.0450434,22.71991558
307,307,1,114.0463041,22.72803531,114.0450434,22.71991558
308,308,1,114.0472776,22.72803502,114.0450434,22.71991558
309,309,1,114.048251,22.72803473,114.0450434,22.71991558
310,310,1,114.0492245,22.72803443,114.0450434,22.71991558
311,311,1,114.045331,22.7289386,114.0450434,22.71991558
312,312,2,114.3391987,22.68162887,114.3427235,22.6897949
313,313,2,114.3401718,22.68162681,114.3427235,22.6897949
314,314,2,114.3411449,22.68162474,114.3427235,22.6897949
315,315,2,114.342118,22.68162266,114.3427235,22.6897949
316,316,2,114.3430911,22.68162058,114.3427235,22.6897949
317,317,2,114.3440642,22.68161849,114.3427235,22.6897949
318,318,2,114.3450373,22.6816164,114.3427235,22.6897949
319,319,2,114.3460104,22.6816143,114.3427235,22.6897949
320,320,2,114.3372547,22.68253599,114.3427235,22.6897949
321,321,2,114.3382278,22.68253393,114.3427235,22.6897949
322,322,2,114.3392009,22.68253187,114.3427235,22.6897949
323,323,2,114.340174,22.68252981,114.3427235,22.6897949
324,324,2,114.3411471,22.68252774,114.3427235,22.6897949
325,325,2,114.3421202,22.68252566,114.3427235,22.6897949
326,326,2,114.3430934,22.68252358,114.3427235,22.6897949
327,327,2,114.3440665,22.68252149,114.3427235,22.6897949
328,328,2,114.3450396,22.6825194,114.3427235,22.6897949
329,329,2,114.3460127,22.6825173,114.3427235,22.6897949
330,330,2,114.3469858,22.68251519,114.3427235,22.6897949
331,331,2,114.3479589,22.68251308,114.3427235,22.6897949
332,332,2,114.3362837,22.68344104,114.3427235,22.6897949
333,333,2,114.3372569,22.68343899,114.3427235,22.6897949
334,334,2,114.33823,22.68343694,114.3427235,22.6897949
335,335,2,114.3392031,22.68343488,114.3427235,22.6897949
336,336,2,114.3401762,22.68343281,114.3427235,22.6897949
337,337,2,114.3411494,22.68343074,114.3427235,22.6897949
338,338,2,114.3421225,22.68342867,114.3427235,22.6897949
339,339,2,114.3430956,22.68342658,114.3427235,22.6897949
340,340,2,114.3440687,22.6834245,114.3427235,22.6897949
341,341,2,114.3450418,22.6834224,114.3427235,22.6897949
342,342,2,114.346015,22.6834203,114.3427235,22.6897949
343,343,2,114.3469881,22.6834182,114.3427235,22.6897949
344,344,2,114.3479612,22.68341608,114.3427235,22.6897949
345,345,2,114.3489343,22.68341397,114.3427235,22.6897949
346,346,2,114.3353128,22.68434608,114.3427235,22.6897949
347,347,2,114.3362859,22.68434404,114.3427235,22.6897949
348,348,2,114.3372591,22.68434199,114.3427235,22.6897949
349,349,2,114.3382322,22.68433994,114.3427235,22.6897949
350,350,2,114.3392053,22.68433788,114.3427235,22.6897949
351,351,2,114.3401785,22.68433582,114.3427235,22.6897949
352,352,2,114.3411516,22.68433375,114.3427235,22.6897949
353,353,2,114.3421247,22.68433167,114.3427235,22.6897949
354,354,2,114.3430978,22.68432959,114.3427235,22.6897949
355,355,2,114.344071,22.6843275,114.3427235,22.6897949
356,356,2,114.3450441,22.6843254,114.3427235,22.6897949
357,357,2,114.3460172,22.6843233,114.3427235,22.6897949
358,358,2,114.3469904,22.6843212,114.3427235,22.6897949
359,359,2,114.3479635,22.68431909,114.3427235,22.6897949
360,360,2,114.3489366,22.68431697,114.3427235,22.6897949
361,361,2,114.3499098,22.68431484,114.3427235,22.6897949
362,362,2,114.3343419,22.68525112,114.3427235,22.6897949
363,363,2,114.335315,22.68524908,114.3427235,22.6897949
364,364,2,114.3362881,22.68524704,114.3427235,22.6897949
365,365,2,114.3372613,22.685245,114.3427235,22.6897949
366,366,2,114.3382344,22.68524294,114.3427235,22.6897949
367,367,2,114.3392076,22.68524088,114.3427235,22.6897949
368,368,2,114.3401807,22.68523882,114.3427235,22.6897949
369,369,2,114.3411538,22.68523675,114.3427235,22.6897949
370,370,2,114.342127,22.68523467,114.3427235,22.6897949
371,371,2,114.3431001,22.68523259,114.3427235,22.6897949
372,372,2,114.3440732,22.6852305,114.3427235,22.6897949
373,373,2,114.3450464,22.68522841,114.3427235,22.6897949
374,374,2,114.3460195,22.68522631,114.3427235,22.6897949
375,375,2,114.3469926,22.6852242,114.3427235,22.6897949
376,376,2,114.3479658,22.68522209,114.3427235,22.6897949
377,377,2,114.3489389,22.68521997,114.3427235,22.6897949
378,378,2,114.349912,22.68521785,114.3427235,22.6897949
379,379,2,114.3508852,22.68521572,114.3427235,22.6897949
380,380,2,114.3343441,22.68615412,114.3427235,22.6897949
381,381,2,114.3353172,22.68615209,114.3427235,22.6897949
382,382,2,114.3362903,22.68615005,114.3427235,22.6897949
383,383,2,114.3372635,22.686148,114.3427235,22.6897949
384,384,2,114.3382366,22.68614595,114.3427235,22.6897949
385,385,2,114.3392098,22.68614389,114.3427235,22.6897949
386,386,2,114.3401829,22.68614182,114.3427235,22.6897949
387,387,2,114.3411561,22.68613975,114.3427235,22.6897949
388,388,2,114.3421292,22.68613767,114.3427235,22.6897949
389,389,2,114.3431023,22.68613559,114.3427235,22.6897949
390,390,2,114.3440755,22.6861335,114.3427235,22.6897949
391,391,2,114.3450486,22.68613141,114.3427235,22.6897949
392,392,2,114.3460218,22.68612931,114.3427235,22.6897949
393,393,2,114.3469949,22.6861272,114.3427235,22.6897949
394,394,2,114.3479681,22.68612509,114.3427235,22.6897949
395,395,2,114.3489412,22.68612297,114.3427235,22.6897949
396,396,2,114.3499143,22.68612085,114.3427235,22.6897949
397,397,2,114.3508875,22.68611872,114.3427235,22.6897949
398,398,2,114.3343462,22.68705713,114.3427235,22.6897949
399,399,2,114.3353194,22.68705509,114.3427235,22.6897949
400,400,2,114.3362925,22.68705305,114.3427235,22.6897949
401,401,2,114.3372657,22.687051,114.3427235,22.6897949
402,402,2,114.3382388,22.68704895,114.3427235,22.6897949
403,403,2,114.339212,22.68704689,114.3427235,22.6897949
404,404,2,114.3401851,22.68704483,114.3427235,22.6897949
405,405,2,114.3411583,22.68704275,114.3427235,22.6897949
406,406,2,114.3421314,22.68704068,114.3427235,22.6897949
407,407,2,114.3431046,22.68703859,114.3427235,22.6897949
408,408,2,114.3440777,22.68703651,114.3427235,22.6897949
409,409,2,114.3450509,22.68703441,114.3427235,22.6897949
410,410,2,114.346024,22.68703231,114.3427235,22.6897949
411,411,2,114.3469972,22.6870302,114.3427235,22.6897949
412,412,2,114.3479703,22.68702809,114.3427235,22.6897949
413,413,2,114.3489435,22.68702597,114.3427235,22.6897949
414,414,2,114.3499166,22.68702385,114.3427235,22.6897949
415,415,2,114.3508898,22.68702172,114.3427235,22.6897949
416,416,2,114.3518629,22.68701958,114.3427235,22.6897949
417,417,2,114.3333753,22.68796216,114.3427235,22.6897949
418,418,2,114.3343484,22.68796013,114.3427235,22.6897949
419,419,2,114.3353216,22.68795809,114.3427235,22.6897949
420,420,2,114.3362948,22.68795605,114.3427235,22.6897949
421,421,2,114.3372679,22.68795401,114.3427235,22.6897949
422,422,2,114.3382411,22.68795195,114.3427235,22.6897949
423,423,2,114.3392142,22.68794989,114.3427235,22.6897949
424,424,2,114.3401874,22.68794783,114.3427235,22.6897949
425,425,2,114.3411605,22.68794576,114.3427235,22.6897949
426,426,2,114.3421337,22.68794368,114.3427235,22.6897949
427,427,2,114.3431068,22.6879416,114.3427235,22.6897949
428,428,2,114.34408,22.68793951,114.3427235,22.6897949
429,429,2,114.3450531,22.68793741,114.3427235,22.6897949
430,430,2,114.3460263,22.68793531,114.3427235,22.6897949
431,431,2,114.3469995,22.68793321,114.3427235,22.6897949
432,432,2,114.3479726,22.68793109,114.3427235,22.6897949
433,433,2,114.3489458,22.68792898,114.3427235,22.6897949
434,434,2,114.3499189,22.68792685,114.3427235,22.6897949
435,435,2,114.3508921,22.68792472,114.3427235,22.6897949
436,436,2,114.3518652,22.68792259,114.3427235,22.6897949
437,437,2,114.3333775,22.68886516,114.3427235,22.6897949
438,438,2,114.3343506,22.68886313,114.3427235,22.6897949
439,439,2,114.3353238,22.6888611,114.3427235,22.6897949
440,440,2,114.336297,22.68885906,114.3427235,22.6897949
441,441,2,114.3372701,22.68885701,114.3427235,22.6897949
442,442,2,114.3382433,22.68885496,114.3427235,22.6897949
443,443,2,114.3392164,22.6888529,114.3427235,22.6897949
444,444,2,114.3401896,22.68885083,114.3427235,22.6897949
445,445,2,114.3411628,22.68884876,114.3427235,22.6897949
446,446,2,114.3421359,22.68884668,114.3427235,22.6897949
447,447,2,114.3431091,22.6888446,114.3427235,22.6897949
448,448,2,114.3440822,22.68884251,114.3427235,22.6897949
449,449,2,114.3450554,22.68884042,114.3427235,22.6897949
450,450,2,114.3460286,22.68883832,114.3427235,22.6897949
451,451,2,114.3470017,22.68883621,114.3427235,22.6897949
452,452,2,114.3479749,22.6888341,114.3427235,22.6897949
453,453,2,114.3489481,22.68883198,114.3427235,22.6897949
454,454,2,114.3499212,22.68882985,114.3427235,22.6897949
455,455,2,114.3508944,22.68882772,114.3427235,22.6897949
456,456,2,114.3518675,22.68882559,114.3427235,22.6897949
457,457,2,114.3333797,22.68976817,114.3427235,22.6897949
458,458,2,114.3343528,22.68976614,114.3427235,22.6897949
459,459,2,114.335326,22.6897641,114.3427235,22.6897949
460,460,2,114.3362992,22.68976206,114.3427235,22.6897949
461,461,2,114.3372723,22.68976001,114.3427235,22.6897949
462,462,2,114.3382455,22.68975796,114.3427235,22.6897949
463,463,2,114.3392187,22.6897559,114.3427235,22.6897949
464,464,2,114.3401918,22.68975383,114.3427235,22.6897949
465,465,2,114.341165,22.68975176,114.3427235,22.6897949
466,466,2,114.3421382,22.68974969,114.3427235,22.6897949
467,467,2,114.3431113,22.6897476,114.3427235,22.6897949
468,468,2,114.3440845,22.68974551,114.3427235,22.6897949
469,469,2,114.3450577,22.68974342,114.3427235,22.6897949
470,470,2,114.3460308,22.68974132,114.3427235,22.6897949
471,471,2,114.347004,22.68973921,114.3427235,22.6897949
472,472,2,114.3479772,22.6897371,114.3427235,22.6897949
473,473,2,114.3489503,22.68973498,114.3427235,22.6897949
474,474,2,114.3499235,22.68973286,114.3427235,22.6897949
475,475,2,114.3508967,22.68973073,114.3427235,22.6897949
476,476,2,114.3518698,22.68972859,114.3427235,22.6897949
477,477,2,114.3333818,22.69067117,114.3427235,22.6897949
478,478,2,114.334355,22.69066914,114.3427235,22.6897949
479,479,2,114.3353282,22.6906671,114.3427235,22.6897949
480,480,2,114.3363014,22.69066506,114.3427235,22.6897949
481,481,2,114.3372745,22.69066301,114.3427235,22.6897949
482,482,2,114.3382477,22.69066096,114.3427235,22.6897949
483,483,2,114.3392209,22.6906589,114.3427235,22.6897949
484,484,2,114.3401941,22.69065684,114.3427235,22.6897949
485,485,2,114.3411672,22.69065476,114.3427235,22.6897949
486,486,2,114.3421404,22.69065269,114.3427235,22.6897949
487,487,2,114.3431136,22.6906506,114.3427235,22.6897949
488,488,2,114.3440868,22.69064852,114.3427235,22.6897949
489,489,2,114.3450599,22.69064642,114.3427235,22.6897949
490,490,2,114.3460331,22.69064432,114.3427235,22.6897949
491,491,2,114.3470063,22.69064221,114.3427235,22.6897949
492,492,2,114.3479795,22.6906401,114.3427235,22.6897949
493,493,2,114.3489526,22.69063798,114.3427235,22.6897949
494,494,2,114.3499258,22.69063586,114.3427235,22.6897949
495,495,2,114.350899,22.69063373,114.3427235,22.6897949
496,496,2,114.3518721,22.69063159,114.3427235,22.6897949
497,497,2,114.333384,22.69157417,114.3427235,22.6897949
498,498,2,114.3343572,22.69157214,114.3427235,22.6897949
499,499,2,114.3353304,22.69157011,114.3427235,22.6897949
500,500,2,114.3363036,22.69156806,114.3427235,22.6897949
501,501,2,114.3372767,22.69156602,114.3427235,22.6897949
502,502,2,114.3382499,22.69156396,114.3427235,22.6897949
503,503,2,114.3392231,22.6915619,114.3427235,22.6897949
504,504,2,114.3401963,22.69155984,114.3427235,22.6897949
505,505,2,114.3411695,22.69155777,114.3427235,22.6897949
506,506,2,114.3421427,22.69155569,114.3427235,22.6897949
507,507,2,114.3431158,22.69155361,114.3427235,22.6897949
508,508,2,114.344089,22.69155152,114.3427235,22.6897949
509,509,2,114.3450622,22.69154942,114.3427235,22.6897949
510,510,2,114.3460354,22.69154732,114.3427235,22.6897949
511,511,2,114.3470086,22.69154521,114.3427235,22.6897949
512,512,2,114.3479817,22.6915431,114.3427235,22.6897949
513,513,2,114.3489549,22.69154098,114.3427235,22.6897949
514,514,2,114.3499281,22.69153886,114.3427235,22.6897949
515,515,2,114.3509013,22.69153673,114.3427235,22.6897949
516,516,2,114.3518745,22.69153459,114.3427235,22.6897949
517,517,2,114.3343594,22.69247514,114.3427235,22.6897949
518,518,2,114.3353326,22.69247311,114.3427235,22.6897949
519,519,2,114.3363058,22.69247107,114.3427235,22.6897949
520,520,2,114.337279,22.69246902,114.3427235,22.6897949
521,521,2,114.3382521,22.69246697,114.3427235,22.6897949
522,522,2,114.3392253,22.69246491,114.3427235,22.6897949
523,523,2,114.3401985,22.69246284,114.3427235,22.6897949
524,524,2,114.3411717,22.69246077,114.3427235,22.6897949
525,525,2,114.3421449,22.69245869,114.3427235,22.6897949
526,526,2,114.3431181,22.69245661,114.3427235,22.6897949
527,527,2,114.3440913,22.69245452,114.3427235,22.6897949
528,528,2,114.3450645,22.69245242,114.3427235,22.6897949
529,529,2,114.3460376,22.69245032,114.3427235,22.6897949
530,530,2,114.3470108,22.69244822,114.3427235,22.6897949
531,531,2,114.347984,22.6924461,114.3427235,22.6897949
532,532,2,114.3489572,22.69244398,114.3427235,22.6897949
533,533,2,114.3499304,22.69244186,114.3427235,22.6897949
534,534,2,114.3509036,22.69243973,114.3427235,22.6897949
535,535,2,114.3518768,22.69243759,114.3427235,22.6897949
536,536,2,114.3343616,22.69337815,114.3427235,22.6897949
537,537,2,114.3353348,22.69337611,114.3427235,22.6897949
538,538,2,114.336308,22.69337407,114.3427235,22.6897949
539,539,2,114.3372812,22.69337202,114.3427235,22.6897949
540,540,2,114.3382544,22.69336997,114.3427235,22.6897949
541,541,2,114.3392276,22.69336791,114.3427235,22.6897949
542,542,2,114.3402007,22.69336584,114.3427235,22.6897949
543,543,2,114.3411739,22.69336377,114.3427235,22.6897949
544,544,2,114.3421471,22.69336169,114.3427235,22.6897949
545,545,2,114.3431203,22.69335961,114.3427235,22.6897949
546,546,2,114.3440935,22.69335752,114.3427235,22.6897949
547,547,2,114.3450667,22.69335543,114.3427235,22.6897949
548,548,2,114.3460399,22.69335332,114.3427235,22.6897949
549,549,2,114.3470131,22.69335122,114.3427235,22.6897949
550,550,2,114.3479863,22.6933491,114.3427235,22.6897949
551,551,2,114.3489595,22.69334699,114.3427235,22.6897949
552,552,2,114.3499327,22.69334486,114.3427235,22.6897949
553,553,2,114.3509059,22.69334273,114.3427235,22.6897949
554,554,2,114.3343638,22.69428115,114.3427235,22.6897949
555,555,2,114.335337,22.69427911,114.3427235,22.6897949
556,556,2,114.3363102,22.69427707,114.3427235,22.6897949
557,557,2,114.3372834,22.69427502,114.3427235,22.6897949
558,558,2,114.3382566,22.69427297,114.3427235,22.6897949
559,559,2,114.3392298,22.69427091,114.3427235,22.6897949
560,560,2,114.340203,22.69426884,114.3427235,22.6897949
561,561,2,114.3411762,22.69426677,114.3427235,22.6897949
562,562,2,114.3421494,22.6942647,114.3427235,22.6897949
563,563,2,114.3431226,22.69426261,114.3427235,22.6897949
564,564,2,114.3440958,22.69426052,114.3427235,22.6897949
565,565,2,114.345069,22.69425843,114.3427235,22.6897949
566,566,2,114.3460422,22.69425633,114.3427235,22.6897949
567,567,2,114.3470154,22.69425422,114.3427235,22.6897949
568,568,2,114.3479886,22.69425211,114.3427235,22.6897949
569,569,2,114.3489618,22.69424999,114.3427235,22.6897949
570,570,2,114.349935,22.69424786,114.3427235,22.6897949
571,571,2,114.3509082,22.69424573,114.3427235,22.6897949
572,572,2,114.3353392,22.69518212,114.3427235,22.6897949
573,573,2,114.3363124,22.69518007,114.3427235,22.6897949
574,574,2,114.3372856,22.69517803,114.3427235,22.6897949
575,575,2,114.3382588,22.69517597,114.3427235,22.6897949
576,576,2,114.339232,22.69517391,114.3427235,22.6897949
577,577,2,114.3402052,22.69517185,114.3427235,22.6897949
578,578,2,114.3411784,22.69516978,114.3427235,22.6897949
579,579,2,114.3421516,22.6951677,114.3427235,22.6897949
580,580,2,114.3431248,22.69516561,114.3427235,22.6897949
581,581,2,114.344098,22.69516352,114.3427235,22.6897949
582,582,2,114.3450712,22.69516143,114.3427235,22.6897949
583,583,2,114.3460444,22.69515933,114.3427235,22.6897949
584,584,2,114.3470176,22.69515722,114.3427235,22.6897949
585,585,2,114.3479909,22.69515511,114.3427235,22.6897949
586,586,2,114.3489641,22.69515299,114.3427235,22.6897949
587,587,2,114.3499373,22.69515086,114.3427235,22.6897949
588,588,2,114.3363146,22.69608308,114.3427235,22.6897949
589,589,2,114.3372878,22.69608103,114.3427235,22.6897949
590,590,2,114.338261,22.69607897,114.3427235,22.6897949
591,591,2,114.3392342,22.69607691,114.3427235,22.6897949
592,592,2,114.3402074,22.69607485,114.3427235,22.6897949
593,593,2,114.3411806,22.69607278,114.3427235,22.6897949
594,594,2,114.3421539,22.6960707,114.3427235,22.6897949
595,595,2,114.3431271,22.69606862,114.3427235,22.6897949
596,596,2,114.3441003,22.69606653,114.3427235,22.6897949
597,597,2,114.3450735,22.69606443,114.3427235,22.6897949
598,598,2,114.3460467,22.69606233,114.3427235,22.6897949
599,599,2,114.3470199,22.69606022,114.3427235,22.6897949
600,600,2,114.3479931,22.69605811,114.3427235,22.6897949
601,601,2,114.3489663,22.69605599,114.3427235,22.6897949
602,602,2,114.33729,22.69698403,114.3427235,22.6897949
603,603,2,114.3382632,22.69698198,114.3427235,22.6897949
604,604,2,114.3392364,22.69697992,114.3427235,22.6897949
605,605,2,114.3402097,22.69697785,114.3427235,22.6897949
606,606,2,114.3411829,22.69697578,114.3427235,22.6897949
607,607,2,114.3421561,22.6969737,114.3427235,22.6897949
608,608,2,114.3431293,22.69697162,114.3427235,22.6897949
609,609,2,114.3441025,22.69696953,114.3427235,22.6897949
610,610,2,114.3450758,22.69696743,114.3427235,22.6897949
611,611,2,114.346049,22.69696533,114.3427235,22.6897949
612,612,2,114.3470222,22.69696322,114.3427235,22.6897949
613,613,2,114.3479954,22.69696111,114.3427235,22.6897949
614,614,2,114.3392387,22.69788292,114.3427235,22.6897949
615,615,2,114.3402119,22.69788085,114.3427235,22.6897949
616,616,2,114.3411851,22.69787878,114.3427235,22.6897949
617,617,2,114.3421583,22.6978767,114.3427235,22.6897949
618,618,2,114.3431316,22.69787462,114.3427235,22.6897949
619,619,2,114.3441048,22.69787253,114.3427235,22.6897949
620,620,2,114.345078,22.69787043,114.3427235,22.6897949
621,621,2,114.3460512,22.69786833,114.3427235,22.6897949
622,622,2,114.3470245,22.69786622,114.3427235,22.6897949
623,623,2,114.3421606,22.6987797,114.3427235,22.6897949
624,624,2,114.3431338,22.69877762,114.3427235,22.6897949
625,625,3,114.3431091,22.6888446,114.3470573,22.69698262
626,626,3,114.3440822,22.68884251,114.3470573,22.69698262
627,627,3,114.3450554,22.68884042,114.3470573,22.69698262
628,628,3,114.3460286,22.68883832,114.3470573,22.69698262
629,629,3,114.3470017,22.68883621,114.3470573,22.69698262
630,630,3,114.3479749,22.6888341,114.3470573,22.69698262
631,631,3,114.3489481,22.68883198,114.3470573,22.69698262
632,632,3,114.3499212,22.68882985,114.3470573,22.69698262
633,633,3,114.3508944,22.68882772,114.3470573,22.69698262
634,634,3,114.3421382,22.68974969,114.3470573,22.69698262
635,635,3,114.3431113,22.6897476,114.3470573,22.69698262
636,636,3,114.3440845,22.68974551,114.3470573,22.69698262
637,637,3,114.3450577,22.68974342,114.3470573,22.69698262
638,638,3,114.3460308,22.68974132,114.3470573,22.69698262
639,639,3,114.347004,22.68973921,114.3470573,22.69698262
640,640,3,114.3479772,22.6897371,114.3470573,22.69698262
641,641,3,114.3489503,22.68973498,114.3470573,22.69698262
642,642,3,114.3499235,22.68973286,114.3470573,22.69698262
643,643,3,114.3508967,22.68973073,114.3470573,22.69698262
644,644,3,114.3518698,22.68972859,114.3470573,22.69698262
645,645,3,114.352843,22.68972645,114.3470573,22.69698262
646,646,3,114.3401941,22.69065684,114.3470573,22.69698262
647,647,3,114.3411672,22.69065476,114.3470573,22.69698262
648,648,3,114.3421404,22.69065269,114.3470573,22.69698262
649,649,3,114.3431136,22.6906506,114.3470573,22.69698262
650,650,3,114.3440868,22.69064852,114.3470573,22.69698262
651,651,3,114.3450599,22.69064642,114.3470573,22.69698262
652,652,3,114.3460331,22.69064432,114.3470573,22.69698262
653,653,3,114.3470063,22.69064221,114.3470573,22.69698262
654,654,3,114.3479795,22.6906401,114.3470573,22.69698262
655,655,3,114.3489526,22.69063798,114.3470573,22.69698262
656,656,3,114.3499258,22.69063586,114.3470573,22.69698262
657,657,3,114.350899,22.69063373,114.3470573,22.69698262
658,658,3,114.3518721,22.69063159,114.3470573,22.69698262
659,659,3,114.3528453,22.69062945,114.3470573,22.69698262
660,660,3,114.3538185,22.6906273,114.3470573,22.69698262
661,661,3,114.3401963,22.69155984,114.3470573,22.69698262
662,662,3,114.3411695,22.69155777,114.3470573,22.69698262
663,663,3,114.3421427,22.69155569,114.3470573,22.69698262
664,664,3,114.3431158,22.69155361,114.3470573,22.69698262
665,665,3,114.344089,22.69155152,114.3470573,22.69698262
666,666,3,114.3450622,22.69154942,114.3470573,22.69698262
667,667,3,114.3460354,22.69154732,114.3470573,22.69698262
668,668,3,114.3470086,22.69154521,114.3470573,22.69698262
669,669,3,114.3479817,22.6915431,114.3470573,22.69698262
670,670,3,114.3489549,22.69154098,114.3470573,22.69698262
671,671,3,114.3499281,22.69153886,114.3470573,22.69698262
672,672,3,114.3509013,22.69153673,114.3470573,22.69698262
673,673,3,114.3518745,22.69153459,114.3470573,22.69698262
674,674,3,114.3528476,22.69153245,114.3470573,22.69698262
675,675,3,114.3538208,22.6915303,114.3470573,22.69698262
676,676,3,114.354794,22.69152815,114.3470573,22.69698262
677,677,3,114.3392253,22.69246491,114.3470573,22.69698262
678,678,3,114.3401985,22.69246284,114.3470573,22.69698262
679,679,3,114.3411717,22.69246077,114.3470573,22.69698262
680,680,3,114.3421449,22.69245869,114.3470573,22.69698262
681,681,3,114.3431181,22.69245661,114.3470573,22.69698262
682,682,3,114.3440913,22.69245452,114.3470573,22.69698262
683,683,3,114.3450645,22.69245242,114.3470573,22.69698262
684,684,3,114.3460376,22.69245032,114.3470573,22.69698262
685,685,3,114.3470108,22.69244822,114.3470573,22.69698262
686,686,3,114.347984,22.6924461,114.3470573,22.69698262
687,687,3,114.3489572,22.69244398,114.3470573,22.69698262
688,688,3,114.3499304,22.69244186,114.3470573,22.69698262
689,689,3,114.3509036,22.69243973,114.3470573,22.69698262
690,690,3,114.3518768,22.69243759,114.3470573,22.69698262
691,691,3,114.3528499,22.69243545,114.3470573,22.69698262
692,692,3,114.3538231,22.6924333,114.3470573,22.69698262
693,693,3,114.3547963,22.69243115,114.3470573,22.69698262
694,694,3,114.3382544,22.69336997,114.3470573,22.69698262
695,695,3,114.3392276,22.69336791,114.3470573,22.69698262
696,696,3,114.3402007,22.69336584,114.3470573,22.69698262
697,697,3,114.3411739,22.69336377,114.3470573,22.69698262
698,698,3,114.3421471,22.69336169,114.3470573,22.69698262
699,699,3,114.3431203,22.69335961,114.3470573,22.69698262
700,700,3,114.3440935,22.69335752,114.3470573,22.69698262
701,701,3,114.3450667,22.69335543,114.3470573,22.69698262
702,702,3,114.3460399,22.69335332,114.3470573,22.69698262
703,703,3,114.3470131,22.69335122,114.3470573,22.69698262
704,704,3,114.3479863,22.6933491,114.3470573,22.69698262
705,705,3,114.3489595,22.69334699,114.3470573,22.69698262
706,706,3,114.3499327,22.69334486,114.3470573,22.69698262
707,707,3,114.3509059,22.69334273,114.3470573,22.69698262
708,708,3,114.3518791,22.69334059,114.3470573,22.69698262
709,709,3,114.3528523,22.69333845,114.3470573,22.69698262
710,710,3,114.3538254,22.6933363,114.3470573,22.69698262
711,711,3,114.3547986,22.69333415,114.3470573,22.69698262
712,712,3,114.3557718,22.69333199,114.3470573,22.69698262
713,713,3,114.3382566,22.69427297,114.3470573,22.69698262
714,714,3,114.3392298,22.69427091,114.3470573,22.69698262
715,715,3,114.340203,22.69426884,114.3470573,22.69698262
716,716,3,114.3411762,22.69426677,114.3470573,22.69698262
717,717,3,114.3421494,22.6942647,114.3470573,22.69698262
718,718,3,114.3431226,22.69426261,114.3470573,22.69698262
719,719,3,114.3440958,22.69426052,114.3470573,22.69698262
720,720,3,114.345069,22.69425843,114.3470573,22.69698262
721,721,3,114.3460422,22.69425633,114.3470573,22.69698262
722,722,3,114.3470154,22.69425422,114.3470573,22.69698262
723,723,3,114.3479886,22.69425211,114.3470573,22.69698262
724,724,3,114.3489618,22.69424999,114.3470573,22.69698262
725,725,3,114.349935,22.69424786,114.3470573,22.69698262
726,726,3,114.3509082,22.69424573,114.3470573,22.69698262
727,727,3,114.3518814,22.6942436,114.3470573,22.69698262
728,728,3,114.3528546,22.69424145,114.3470573,22.69698262
729,729,3,114.3538278,22.6942393,114.3470573,22.69698262
730,730,3,114.354801,22.69423715,114.3470573,22.69698262
731,731,3,114.3557742,22.69423499,114.3470573,22.69698262
732,732,3,114.3382588,22.69517597,114.3470573,22.69698262
733,733,3,114.339232,22.69517391,114.3470573,22.69698262
734,734,3,114.3402052,22.69517185,114.3470573,22.69698262
735,735,3,114.3411784,22.69516978,114.3470573,22.69698262
736,736,3,114.3421516,22.6951677,114.3470573,22.69698262
737,737,3,114.3431248,22.69516561,114.3470573,22.69698262
738,738,3,114.344098,22.69516352,114.3470573,22.69698262
739,739,3,114.3450712,22.69516143,114.3470573,22.69698262
740,740,3,114.3460444,22.69515933,114.3470573,22.69698262
741,741,3,114.3470176,22.69515722,114.3470573,22.69698262
742,742,3,114.3479909,22.69515511,114.3470573,22.69698262
743,743,3,114.3489641,22.69515299,114.3470573,22.69698262
744,744,3,114.3499373,22.69515086,114.3470573,22.69698262
745,745,3,114.3509105,22.69514873,114.3470573,22.69698262
746,746,3,114.3518837,22.6951466,114.3470573,22.69698262
747,747,3,114.3528569,22.69514445,114.3470573,22.69698262
748,748,3,114.3538301,22.6951423,114.3470573,22.69698262
749,749,3,114.3548033,22.69514015,114.3470573,22.69698262
750,750,3,114.3557765,22.69513799,114.3470573,22.69698262
751,751,3,114.338261,22.69607897,114.3470573,22.69698262
752,752,3,114.3392342,22.69607691,114.3470573,22.69698262
753,753,3,114.3402074,22.69607485,114.3470573,22.69698262
754,754,3,114.3411806,22.69607278,114.3470573,22.69698262
755,755,3,114.3421539,22.6960707,114.3470573,22.69698262
756,756,3,114.3431271,22.69606862,114.3470573,22.69698262
757,757,3,114.3441003,22.69606653,114.3470573,22.69698262
758,758,3,114.3450735,22.69606443,114.3470573,22.69698262
759,759,3,114.3460467,22.69606233,114.3470573,22.69698262
760,760,3,114.3470199,22.69606022,114.3470573,22.69698262
761,761,3,114.3479931,22.69605811,114.3470573,22.69698262
762,762,3,114.3489663,22.69605599,114.3470573,22.69698262
763,763,3,114.3499396,22.69605386,114.3470573,22.69698262
764,764,3,114.3509128,22.69605173,114.3470573,22.69698262
765,765,3,114.351886,22.6960496,114.3470573,22.69698262
766,766,3,114.3528592,22.69604745,114.3470573,22.69698262
767,767,3,114.3538324,22.69604531,114.3470573,22.69698262
768,768,3,114.3548056,22.69604315,114.3470573,22.69698262
769,769,3,114.3557788,22.69604099,114.3470573,22.69698262
770,770,3,114.3382632,22.69698198,114.3470573,22.69698262
771,771,3,114.3392364,22.69697992,114.3470573,22.69698262
772,772,3,114.3402097,22.69697785,114.3470573,22.69698262
773,773,3,114.3411829,22.69697578,114.3470573,22.69698262
774,774,3,114.3421561,22.6969737,114.3470573,22.69698262
775,775,3,114.3431293,22.69697162,114.3470573,22.69698262
776,776,3,114.3441025,22.69696953,114.3470573,22.69698262
777,777,3,114.3450758,22.69696743,114.3470573,22.69698262
778,778,3,114.346049,22.69696533,114.3470573,22.69698262
779,779,3,114.3470222,22.69696322,114.3470573,22.69698262
780,780,3,114.3479954,22.69696111,114.3470573,22.69698262
781,781,3,114.3489686,22.69695899,114.3470573,22.69698262
782,782,3,114.3499419,22.69695687,114.3470573,22.69698262
783,783,3,114.3509151,22.69695473,114.3470573,22.69698262
784,784,3,114.3518883,22.6969526,114.3470573,22.69698262
785,785,3,114.3528615,22.69695045,114.3470573,22.69698262
786,786,3,114.3538347,22.69694831,114.3470573,22.69698262
787,787,3,114.3548079,22.69694615,114.3470573,22.69698262
788,788,3,114.3557812,22.69694399,114.3470573,22.69698262
789,789,3,114.3567544,22.69694182,114.3470573,22.69698262
790,790,3,114.3382654,22.69788498,114.3470573,22.69698262
791,791,3,114.3392387,22.69788292,114.3470573,22.69698262
792,792,3,114.3402119,22.69788085,114.3470573,22.69698262
793,793,3,114.3411851,22.69787878,114.3470573,22.69698262
794,794,3,114.3421583,22.6978767,114.3470573,22.69698262
795,795,3,114.3431316,22.69787462,114.3470573,22.69698262
796,796,3,114.3441048,22.69787253,114.3470573,22.69698262
797,797,3,114.345078,22.69787043,114.3470573,22.69698262
798,798,3,114.3460512,22.69786833,114.3470573,22.69698262
799,799,3,114.3470245,22.69786622,114.3470573,22.69698262
800,800,3,114.3479977,22.69786411,114.3470573,22.69698262
801,801,3,114.3489709,22.69786199,114.3470573,22.69698262
802,802,3,114.3499441,22.69785987,114.3470573,22.69698262
803,803,3,114.3509174,22.69785774,114.3470573,22.69698262
804,804,3,114.3518906,22.6978556,114.3470573,22.69698262
805,805,3,114.3528638,22.69785345,114.3470573,22.69698262
806,806,3,114.353837,22.69785131,114.3470573,22.69698262
807,807,3,114.3548103,22.69784915,114.3470573,22.69698262
808,808,3,114.3557835,22.69784699,114.3470573,22.69698262
809,809,3,114.3382677,22.69878798,114.3470573,22.69698262
810,810,3,114.3392409,22.69878592,114.3470573,22.69698262
811,811,3,114.3402141,22.69878385,114.3470573,22.69698262
812,812,3,114.3411874,22.69878178,114.3470573,22.69698262
813,813,3,114.3421606,22.6987797,114.3470573,22.69698262
814,814,3,114.3431338,22.69877762,114.3470573,22.69698262
815,815,3,114.3441071,22.69877553,114.3470573,22.69698262
816,816,3,114.3450803,22.69877343,114.3470573,22.69698262
817,817,3,114.3460535,22.69877133,114.3470573,22.69698262
818,818,3,114.3470267,22.69876923,114.3470573,22.69698262
819,819,3,114.348,22.69876711,114.3470573,22.69698262
820,820,3,114.3489732,22.69876499,114.3470573,22.69698262
821,821,3,114.3499464,22.69876287,114.3470573,22.69698262
822,822,3,114.3509197,22.69876074,114.3470573,22.69698262
823,823,3,114.3518929,22.6987586,114.3470573,22.69698262
824,824,3,114.3528661,22.69875646,114.3470573,22.69698262
825,825,3,114.3538394,22.69875431,114.3470573,22.69698262
826,826,3,114.3548126,22.69875215,114.3470573,22.69698262
827,827,3,114.3557858,22.69874999,114.3470573,22.69698262
828,828,3,114.3382699,22.69969098,114.3470573,22.69698262
829,829,3,114.3392431,22.69968892,114.3470573,22.69698262
830,830,3,114.3402164,22.69968686,114.3470573,22.69698262
831,831,3,114.3411896,22.69968478,114.3470573,22.69698262
832,832,3,114.3421628,22.69968271,114.3470573,22.69698262
833,833,3,114.3431361,22.69968062,114.3470573,22.69698262
834,834,3,114.3441093,22.69967853,114.3470573,22.69698262
835,835,3,114.3450825,22.69967644,114.3470573,22.69698262
836,836,3,114.3460558,22.69967433,114.3470573,22.69698262
837,837,3,114.347029,22.69967223,114.3470573,22.69698262
838,838,3,114.3480023,22.69967011,114.3470573,22.69698262
839,839,3,114.3489755,22.69966799,114.3470573,22.69698262
840,840,3,114.3499487,22.69966587,114.3470573,22.69698262
841,841,3,114.350922,22.69966374,114.3470573,22.69698262
842,842,3,114.3518952,22.6996616,114.3470573,22.69698262
843,843,3,114.3528684,22.69965946,114.3470573,22.69698262
844,844,3,114.3538417,22.69965731,114.3470573,22.69698262
845,845,3,114.3548149,22.69965515,114.3470573,22.69698262
846,846,3,114.3557882,22.69965299,114.3470573,22.69698262
847,847,3,114.3382721,22.70059398,114.3470573,22.69698262
848,848,3,114.3392453,22.70059192,114.3470573,22.69698262
849,849,3,114.3402186,22.70058986,114.3470573,22.69698262
850,850,3,114.3411918,22.70058778,114.3470573,22.69698262
851,851,3,114.3421651,22.70058571,114.3470573,22.69698262
852,852,3,114.3431383,22.70058362,114.3470573,22.69698262
853,853,3,114.3441116,22.70058153,114.3470573,22.69698262
854,854,3,114.3450848,22.70057944,114.3470573,22.69698262
855,855,3,114.3460581,22.70057733,114.3470573,22.69698262
856,856,3,114.3470313,22.70057523,114.3470573,22.69698262
857,857,3,114.3480045,22.70057311,114.3470573,22.69698262
858,858,3,114.3489778,22.70057099,114.3470573,22.69698262
859,859,3,114.349951,22.70056887,114.3470573,22.69698262
860,860,3,114.3509243,22.70056674,114.3470573,22.69698262
861,861,3,114.3518975,22.7005646,114.3470573,22.69698262
862,862,3,114.3528708,22.70056246,114.3470573,22.69698262
863,863,3,114.353844,22.70056031,114.3470573,22.69698262
864,864,3,114.3548172,22.70055815,114.3470573,22.69698262
865,865,3,114.3557905,22.70055599,114.3470573,22.69698262
866,866,3,114.3392476,22.70149492,114.3470573,22.69698262
867,867,3,114.3402208,22.70149286,114.3470573,22.69698262
868,868,3,114.3411941,22.70149079,114.3470573,22.69698262
869,869,3,114.3421673,22.70148871,114.3470573,22.69698262
870,870,3,114.3431406,22.70148662,114.3470573,22.69698262
871,871,3,114.3441138,22.70148453,114.3470573,22.69698262
872,872,3,114.3450871,22.70148244,114.3470573,22.69698262
873,873,3,114.3460603,22.70148034,114.3470573,22.69698262
874,874,3,114.3470336,22.70147823,114.3470573,22.69698262
875,875,3,114.3480068,22.70147611,114.3470573,22.69698262
876,876,3,114.3489801,22.70147399,114.3470573,22.69698262
877,877,3,114.3499533,22.70147187,114.3470573,22.69698262
878,878,3,114.3509266,22.70146974,114.3470573,22.69698262
879,879,3,114.3518998,22.7014676,114.3470573,22.69698262
880,880,3,114.3528731,22.70146546,114.3470573,22.69698262
881,881,3,114.3538463,22.70146331,114.3470573,22.69698262
882,882,3,114.3548196,22.70146115,114.3470573,22.69698262
883,883,3,114.340223,22.70239586,114.3470573,22.69698262
884,884,3,114.3411963,22.70239379,114.3470573,22.69698262
885,885,3,114.3421696,22.70239171,114.3470573,22.69698262
886,886,3,114.3431428,22.70238962,114.3470573,22.69698262
887,887,3,114.3441161,22.70238753,114.3470573,22.69698262
888,888,3,114.3450893,22.70238544,114.3470573,22.69698262
889,889,3,114.3460626,22.70238334,114.3470573,22.69698262
890,890,3,114.3470358,22.70238123,114.3470573,22.69698262
891,891,3,114.3480091,22.70237911,114.3470573,22.69698262
892,892,3,114.3489824,22.70237699,114.3470573,22.69698262
893,893,3,114.3499556,22.70237487,114.3470573,22.69698262
894,894,3,114.3509289,22.70237274,114.3470573,22.69698262
895,895,3,114.3519021,22.7023706,114.3470573,22.69698262
896,896,3,114.3528754,22.70236846,114.3470573,22.69698262
897,897,3,114.3538486,22.70236631,114.3470573,22.69698262
898,898,3,114.3548219,22.70236415,114.3470573,22.69698262
899,899,3,114.3402253,22.70329886,114.3470573,22.69698262
900,900,3,114.3411985,22.70329679,114.3470573,22.69698262
901,901,3,114.3421718,22.70329471,114.3470573,22.69698262
902,902,3,114.3431451,22.70329262,114.3470573,22.69698262
903,903,3,114.3441183,22.70329053,114.3470573,22.69698262
904,904,3,114.3450916,22.70328844,114.3470573,22.69698262
905,905,3,114.3460649,22.70328634,114.3470573,22.69698262
906,906,3,114.3470381,22.70328423,114.3470573,22.69698262
907,907,3,114.3480114,22.70328211,114.3470573,22.69698262
908,908,3,114.3489846,22.70327999,114.3470573,22.69698262
909,909,3,114.3499579,22.70327787,114.3470573,22.69698262
910,910,3,114.3509312,22.70327574,114.3470573,22.69698262
911,911,3,114.3519044,22.7032736,114.3470573,22.69698262
912,912,3,114.3528777,22.70327146,114.3470573,22.69698262
913,913,3,114.353851,22.70326931,114.3470573,22.69698262
914,914,3,114.342174,22.70419771,114.3470573,22.69698262
915,915,3,114.3431473,22.70419563,114.3470573,22.69698262
916,916,3,114.3441206,22.70419354,114.3470573,22.69698262
917,917,3,114.3450939,22.70419144,114.3470573,22.69698262
918,918,3,114.3460671,22.70418934,114.3470573,22.69698262
919,919,3,114.3470404,22.70418723,114.3470573,22.69698262
920,920,3,114.3480137,22.70418511,114.3470573,22.69698262
921,921,3,114.3489869,22.70418299,114.3470573,22.69698262
922,922,3,114.3499602,22.70418087,114.3470573,22.69698262
923,923,3,114.3509335,22.70417874,114.3470573,22.69698262
924,924,3,114.3519067,22.7041766,114.3470573,22.69698262
925,925,3,114.35288,22.70417446,114.3470573,22.69698262
926,926,3,114.3431496,22.70509863,114.3470573,22.69698262
927,927,3,114.3441228,22.70509654,114.3470573,22.69698262
928,928,3,114.3450961,22.70509444,114.3470573,22.69698262
929,929,3,114.3460694,22.70509234,114.3470573,22.69698262
930,930,3,114.3470427,22.70509023,114.3470573,22.69698262
931,931,3,114.3480159,22.70508811,114.3470573,22.69698262
932,932,3,114.3489892,22.70508599,114.3470573,22.69698262
933,933,3,114.3499625,22.70508387,114.3470573,22.69698262
934,934,3,114.3509358,22.70508174,114.3470573,22.69698262
935,935,3,114.3470449,22.70599323,114.3470573,22.69698262
936,936,4,114.0297308,22.61425866,114.0327237,22.62271561
937,937,4,114.0307035,22.61425847,114.0327237,22.62271561
938,938,4,114.0316761,22.61425828,114.0327237,22.62271561
939,939,4,114.0326488,22.61425809,114.0327237,22.62271561
940,940,4,114.0336214,22.61425789,114.0327237,22.62271561
941,941,4,114.0345941,22.61425768,114.0327237,22.62271561
942,942,4,114.0355668,22.61425747,114.0327237,22.62271561
943,943,4,114.0277857,22.61516203,114.0327237,22.62271561
944,944,4,114.0287584,22.61516186,114.0327237,22.62271561
945,945,4,114.029731,22.61516168,114.0327237,22.62271561
946,946,4,114.0307037,22.6151615,114.0327237,22.62271561
947,947,4,114.0316763,22.61516131,114.0327237,22.62271561
948,948,4,114.032649,22.61516112,114.0327237,22.62271561
949,949,4,114.0336217,22.61516092,114.0327237,22.62271561
950,950,4,114.0345943,22.61516071,114.0327237,22.62271561
951,951,4,114.035567,22.6151605,114.0327237,22.62271561
952,952,4,114.0365396,22.61516028,114.0327237,22.62271561
953,953,4,114.0375123,22.61516005,114.0327237,22.62271561
954,954,4,114.0268132,22.61606522,114.0327237,22.62271561
955,955,4,114.0277859,22.61606506,114.0327237,22.62271561
956,956,4,114.0287586,22.61606489,114.0327237,22.62271561
957,957,4,114.0297312,22.61606471,114.0327237,22.62271561
958,958,4,114.0307039,22.61606453,114.0327237,22.62271561
959,959,4,114.0316766,22.61606434,114.0327237,22.62271561
960,960,4,114.0326492,22.61606414,114.0327237,22.62271561
961,961,4,114.0336219,22.61606394,114.0327237,22.62271561
962,962,4,114.0345946,22.61606374,114.0327237,22.62271561
963,963,4,114.0355672,22.61606352,114.0327237,22.62271561
964,964,4,114.0365399,22.6160633,114.0327237,22.62271561
965,965,4,114.0375125,22.61606308,114.0327237,22.62271561
966,966,4,114.0384852,22.61606285,114.0327237,22.62271561
967,967,4,114.0258407,22.61696841,114.0327237,22.62271561
968,968,4,114.0268134,22.61696825,114.0327237,22.62271561
969,969,4,114.0277861,22.61696809,114.0327237,22.62271561
970,970,4,114.0287587,22.61696791,114.0327237,22.62271561
971,971,4,114.0297314,22.61696774,114.0327237,22.62271561
972,972,4,114.0307041,22.61696755,114.0327237,22.62271561
973,973,4,114.0316768,22.61696736,114.0327237,22.62271561
974,974,4,114.0326494,22.61696717,114.0327237,22.62271561
975,975,4,114.0336221,22.61696697,114.0327237,22.62271561
976,976,4,114.0345948,22.61696676,114.0327237,22.62271561
977,977,4,114.0355675,22.61696655,114.0327237,22.62271561
978,978,4,114.0365401,22.61696633,114.0327237,22.62271561
979,979,4,114.0375128,22.61696611,114.0327237,22.62271561
980,980,4,114.0384855,22.61696588,114.0327237,22.62271561
981,981,4,114.0394581,22.61696564,114.0327237,22.62271561
982,982,4,114.0248682,22.61787159,114.0327237,22.62271561
983,983,4,114.0258409,22.61787144,114.0327237,22.62271561
984,984,4,114.0268136,22.61787128,114.0327237,22.62271561
985,985,4,114.0277863,22.61787111,114.0327237,22.62271561
986,986,4,114.0287589,22.61787094,114.0327237,22.62271561
987,987,4,114.0297316,22.61787076,114.0327237,22.62271561
988,988,4,114.0307043,22.61787058,114.0327237,22.62271561
989,989,4,114.031677,22.61787039,114.0327237,22.62271561
990,990,4,114.0326496,22.6178702,114.0327237,22.62271561
991,991,4,114.0336223,22.61787,114.0327237,22.62271561
992,992,4,114.034595,22.61786979,114.0327237,22.62271561
993,993,4,114.0355677,22.61786958,114.0327237,22.62271561
994,994,4,114.0365404,22.61786936,114.0327237,22.62271561
995,995,4,114.037513,22.61786913,114.0327237,22.62271561
996,996,4,114.0384857,22.6178689,114.0327237,22.62271561
997,997,4,114.0394584,22.61786867,114.0327237,22.62271561
998,998,4,114.0404311,22.61786842,114.0327237,22.62271561
999,999,4,114.0248684,22.61877462,114.0327237,22.62271561
1000,1000,4,114.0258411,22.61877446,114.0327237,22.62271561
1001,1001,4,114.0268137,22.6187743,114.0327237,22.62271561
1002,1002,4,114.0277864,22.61877414,114.0327237,22.62271561
1003,1003,4,114.0287591,22.61877397,114.0327237,22.62271561
1004,1004,4,114.0297318,22.61877379,114.0327237,22.62271561
1005,1005,4,114.0307045,22.61877361,114.0327237,22.62271561
1006,1006,4,114.0316772,22.61877342,114.0327237,22.62271561
1007,1007,4,114.0326499,22.61877322,114.0327237,22.62271561
1008,1008,4,114.0336225,22.61877302,114.0327237,22.62271561
1009,1009,4,114.0345952,22.61877282,114.0327237,22.62271561
1010,1010,4,114.0355679,22.6187726,114.0327237,22.62271561
1011,1011,4,114.0365406,22.61877238,114.0327237,22.62271561
1012,1012,4,114.0375133,22.61877216,114.0327237,22.62271561
1013,1013,4,114.038486,22.61877193,114.0327237,22.62271561
1014,1014,4,114.0394587,22.61877169,114.0327237,22.62271561
1015,1015,4,114.0404313,22.61877145,114.0327237,22.62271561
1016,1016,4,114.041404,22.6187712,114.0327237,22.62271561
1017,1017,4,114.0238958,22.61967779,114.0327237,22.62271561
1018,1018,4,114.0248685,22.61967764,114.0327237,22.62271561
1019,1019,4,114.0258412,22.61967749,114.0327237,22.62271561
1020,1020,4,114.0268139,22.61967733,114.0327237,22.62271561
1021,1021,4,114.0277866,22.61967717,114.0327237,22.62271561
1022,1022,4,114.0287593,22.61967699,114.0327237,22.62271561
1023,1023,4,114.029732,22.61967682,114.0327237,22.62271561
1024,1024,4,114.0307047,22.61967663,114.0327237,22.62271561
1025,1025,4,114.0316774,22.61967644,114.0327237,22.62271561
1026,1026,4,114.0326501,22.61967625,114.0327237,22.62271561
1027,1027,4,114.0336228,22.61967605,114.0327237,22.62271561
1028,1028,4,114.0345955,22.61967584,114.0327237,22.62271561
1029,1029,4,114.0355681,22.61967563,114.0327237,22.62271561
1030,1030,4,114.0365408,22.61967541,114.0327237,22.62271561
1031,1031,4,114.0375135,22.61967519,114.0327237,22.62271561
1032,1032,4,114.0384862,22.61967496,114.0327237,22.62271561
1033,1033,4,114.0394589,22.61967472,114.0327237,22.62271561
1034,1034,4,114.0404316,22.61967448,114.0327237,22.62271561
1035,1035,4,114.0414043,22.61967423,114.0327237,22.62271561
1036,1036,4,114.023896,22.62058082,114.0327237,22.62271561
1037,1037,4,114.0248687,22.62058067,114.0327237,22.62271561
1038,1038,4,114.0258414,22.62058052,114.0327237,22.62271561
1039,1039,4,114.0268141,22.62058036,114.0327237,22.62271561
1040,1040,4,114.0277868,22.62058019,114.0327237,22.62271561
1041,1041,4,114.0287595,22.62058002,114.0327237,22.62271561
1042,1042,4,114.0297322,22.62057984,114.0327237,22.62271561
1043,1043,4,114.0307049,22.62057966,114.0327237,22.62271561
1044,1044,4,114.0316776,22.62057947,114.0327237,22.62271561
1045,1045,4,114.0326503,22.62057928,114.0327237,22.62271561
1046,1046,4,114.033623,22.62057907,114.0327237,22.62271561
1047,1047,4,114.0345957,22.62057887,114.0327237,22.62271561
1048,1048,4,114.0355684,22.62057866,114.0327237,22.62271561
1049,1049,4,114.0365411,22.62057844,114.0327237,22.62271561
1050,1050,4,114.0375138,22.62057821,114.0327237,22.62271561
1051,1051,4,114.0384865,22.62057798,114.0327237,22.62271561
1052,1052,4,114.0394592,22.62057775,114.0327237,22.62271561
1053,1053,4,114.0404319,22.6205775,114.0327237,22.62271561
1054,1054,4,114.0414046,22.62057726,114.0327237,22.62271561
1055,1055,4,114.0238962,22.62148384,114.0327237,22.62271561
1056,1056,4,114.0248689,22.6214837,114.0327237,22.62271561
1057,1057,4,114.0258416,22.62148354,114.0327237,22.62271561
1058,1058,4,114.0268143,22.62148338,114.0327237,22.62271561
1059,1059,4,114.027787,22.62148322,114.0327237,22.62271561
1060,1060,4,114.0287597,22.62148305,114.0327237,22.62271561
1061,1061,4,114.0297324,22.62148287,114.0327237,22.62271561
1062,1062,4,114.0307051,22.62148269,114.0327237,22.62271561
1063,1063,4,114.0316778,22.6214825,114.0327237,22.62271561
1064,1064,4,114.0326505,22.6214823,114.0327237,22.62271561
1065,1065,4,114.0336232,22.6214821,114.0327237,22.62271561
1066,1066,4,114.0345959,22.62148189,114.0327237,22.62271561
1067,1067,4,114.0355686,22.62148168,114.0327237,22.62271561
1068,1068,4,114.0365413,22.62148146,114.0327237,22.62271561
1069,1069,4,114.037514,22.62148124,114.0327237,22.62271561
1070,1070,4,114.0384867,22.62148101,114.0327237,22.62271561
1071,1071,4,114.0394594,22.62148077,114.0327237,22.62271561
1072,1072,4,114.0404321,22.62148053,114.0327237,22.62271561
1073,1073,4,114.0414048,22.62148028,114.0327237,22.62271561
1074,1074,4,114.0238963,22.62238687,114.0327237,22.62271561
1075,1075,4,114.024869,22.62238672,114.0327237,22.62271561
1076,1076,4,114.0258417,22.62238657,114.0327237,22.62271561
1077,1077,4,114.0268144,22.62238641,114.0327237,22.62271561
1078,1078,4,114.0277872,22.62238624,114.0327237,22.62271561
1079,1079,4,114.0287599,22.62238607,114.0327237,22.62271561
1080,1080,4,114.0297326,22.62238589,114.0327237,22.62271561
1081,1081,4,114.0307053,22.62238571,114.0327237,22.62271561
1082,1082,4,114.031678,22.62238552,114.0327237,22.62271561
1083,1083,4,114.0326507,22.62238533,114.0327237,22.62271561
1084,1084,4,114.0336234,22.62238513,114.0327237,22.62271561
1085,1085,4,114.0345961,22.62238492,114.0327237,22.62271561
1086,1086,4,114.0355688,22.62238471,114.0327237,22.62271561
1087,1087,4,114.0365416,22.62238449,114.0327237,22.62271561
1088,1088,4,114.0375143,22.62238426,114.0327237,22.62271561
1089,1089,4,114.038487,22.62238403,114.0327237,22.62271561
1090,1090,4,114.0394597,22.6223838,114.0327237,22.62271561
1091,1091,4,114.0404324,22.62238356,114.0327237,22.62271561
1092,1092,4,114.0414051,22.62238331,114.0327237,22.62271561
1093,1093,4,114.0423778,22.62238305,114.0327237,22.62271561
1094,1094,4,114.0238965,22.6232899,114.0327237,22.62271561
1095,1095,4,114.0248692,22.62328975,114.0327237,22.62271561
1096,1096,4,114.0258419,22.62328959,114.0327237,22.62271561
1097,1097,4,114.0268146,22.62328944,114.0327237,22.62271561
1098,1098,4,114.0277873,22.62328927,114.0327237,22.62271561
1099,1099,4,114.0287601,22.6232891,114.0327237,22.62271561
1100,1100,4,114.0297328,22.62328892,114.0327237,22.62271561
1101,1101,4,114.0307055,22.62328874,114.0327237,22.62271561
1102,1102,4,114.0316782,22.62328855,114.0327237,22.62271561
1103,1103,4,114.0326509,22.62328835,114.0327237,22.62271561
1104,1104,4,114.0336236,22.62328815,114.0327237,22.62271561
1105,1105,4,114.0345964,22.62328795,114.0327237,22.62271561
1106,1106,4,114.0355691,22.62328773,114.0327237,22.62271561
1107,1107,4,114.0365418,22.62328751,114.0327237,22.62271561
1108,1108,4,114.0375145,22.62328729,114.0327237,22.62271561
1109,1109,4,114.0384872,22.62328706,114.0327237,22.62271561
1110,1110,4,114.0394599,22.62328682,114.0327237,22.62271561
1111,1111,4,114.0404327,22.62328658,114.0327237,22.62271561
1112,1112,4,114.0414054,22.62328633,114.0327237,22.62271561
1113,1113,4,114.0423781,22.62328608,114.0327237,22.62271561
1114,1114,4,114.0238966,22.62419292,114.0327237,22.62271561
1115,1115,4,114.0248694,22.62419277,114.0327237,22.62271561
1116,1116,4,114.0258421,22.62419262,114.0327237,22.62271561
1117,1117,4,114.0268148,22.62419246,114.0327237,22.62271561
1118,1118,4,114.0277875,22.6241923,114.0327237,22.62271561
1119,1119,4,114.0287602,22.62419212,114.0327237,22.62271561
1120,1120,4,114.029733,22.62419195,114.0327237,22.62271561
1121,1121,4,114.0307057,22.62419176,114.0327237,22.62271561
1122,1122,4,114.0316784,22.62419157,114.0327237,22.62271561
1123,1123,4,114.0326511,22.62419138,114.0327237,22.62271561
1124,1124,4,114.0336239,22.62419118,114.0327237,22.62271561
1125,1125,4,114.0345966,22.62419097,114.0327237,22.62271561
1126,1126,4,114.0355693,22.62419076,114.0327237,22.62271561
1127,1127,4,114.036542,22.62419054,114.0327237,22.62271561
1128,1128,4,114.0375148,22.62419032,114.0327237,22.62271561
1129,1129,4,114.0384875,22.62419009,114.0327237,22.62271561
1130,1130,4,114.0394602,22.62418985,114.0327237,22.62271561
1131,1131,4,114.0404329,22.62418961,114.0327237,22.62271561
1132,1132,4,114.0414056,22.62418936,114.0327237,22.62271561
1133,1133,4,114.0238968,22.62509595,114.0327237,22.62271561
1134,1134,4,114.0248695,22.6250958,114.0327237,22.62271561
1135,1135,4,114.0258422,22.62509565,114.0327237,22.62271561
1136,1136,4,114.026815,22.62509549,114.0327237,22.62271561
1137,1137,4,114.0277877,22.62509532,114.0327237,22.62271561
1138,1138,4,114.0287604,22.62509515,114.0327237,22.62271561
1139,1139,4,114.0297332,22.62509497,114.0327237,22.62271561
1140,1140,4,114.0307059,22.62509479,114.0327237,22.62271561
1141,1141,4,114.0316786,22.6250946,114.0327237,22.62271561
1142,1142,4,114.0326514,22.62509441,114.0327237,22.62271561
1143,1143,4,114.0336241,22.6250942,114.0327237,22.62271561
1144,1144,4,114.0345968,22.625094,114.0327237,22.62271561
1145,1145,4,114.0355695,22.62509378,114.0327237,22.62271561
1146,1146,4,114.0365423,22.62509357,114.0327237,22.62271561
1147,1147,4,114.037515,22.62509334,114.0327237,22.62271561
1148,1148,4,114.0384877,22.62509311,114.0327237,22.62271561
1149,1149,4,114.0394605,22.62509287,114.0327237,22.62271561
1150,1150,4,114.0404332,22.62509263,114.0327237,22.62271561
1151,1151,4,114.0414059,22.62509238,114.0327237,22.62271561
1152,1152,4,114.0238969,22.62599897,114.0327237,22.62271561
1153,1153,4,114.0248697,22.62599883,114.0327237,22.62271561
1154,1154,4,114.0258424,22.62599867,114.0327237,22.62271561
1155,1155,4,114.0268151,22.62599851,114.0327237,22.62271561
1156,1156,4,114.0277879,22.62599835,114.0327237,22.62271561
1157,1157,4,114.0287606,22.62599818,114.0327237,22.62271561
1158,1158,4,114.0297334,22.625998,114.0327237,22.62271561
1159,1159,4,114.0307061,22.62599781,114.0327237,22.62271561
1160,1160,4,114.0316788,22.62599763,114.0327237,22.62271561
1161,1161,4,114.0326516,22.62599743,114.0327237,22.62271561
1162,1162,4,114.0336243,22.62599723,114.0327237,22.62271561
1163,1163,4,114.034597,22.62599702,114.0327237,22.62271561
1164,1164,4,114.0355698,22.62599681,114.0327237,22.62271561
1165,1165,4,114.0365425,22.62599659,114.0327237,22.62271561
1166,1166,4,114.0375152,22.62599637,114.0327237,22.62271561
1167,1167,4,114.038488,22.62599614,114.0327237,22.62271561
1168,1168,4,114.0394607,22.6259959,114.0327237,22.62271561
1169,1169,4,114.0404335,22.62599566,114.0327237,22.62271561
1170,1170,4,114.0414062,22.62599541,114.0327237,22.62271561
1171,1171,4,114.0248698,22.62690185,114.0327237,22.62271561
1172,1172,4,114.0258426,22.6269017,114.0327237,22.62271561
1173,1173,4,114.0268153,22.62690154,114.0327237,22.62271561
1174,1174,4,114.0277881,22.62690137,114.0327237,22.62271561
1175,1175,4,114.0287608,22.6269012,114.0327237,22.62271561
1176,1176,4,114.0297336,22.62690102,114.0327237,22.62271561
1177,1177,4,114.0307063,22.62690084,114.0327237,22.62271561
1178,1178,4,114.031679,22.62690065,114.0327237,22.62271561
1179,1179,4,114.0326518,22.62690046,114.0327237,22.62271561
1180,1180,4,114.0336245,22.62690026,114.0327237,22.62271561
1181,1181,4,114.0345973,22.62690005,114.0327237,22.62271561
1182,1182,4,114.03557,22.62689984,114.0327237,22.62271561
1183,1183,4,114.0365427,22.62689962,114.0327237,22.62271561
1184,1184,4,114.0375155,22.62689939,114.0327237,22.62271561
1185,1185,4,114.0384882,22.62689916,114.0327237,22.62271561
1186,1186,4,114.039461,22.62689893,114.0327237,22.62271561
1187,1187,4,114.0404337,22.62689868,114.0327237,22.62271561
1188,1188,4,114.02487,22.62780488,114.0327237,22.62271561
1189,1189,4,114.0258428,22.62780472,114.0327237,22.62271561
1190,1190,4,114.0268155,22.62780456,114.0327237,22.62271561
1191,1191,4,114.0277882,22.6278044,114.0327237,22.62271561
1192,1192,4,114.028761,22.62780423,114.0327237,22.62271561
1193,1193,4,114.0297337,22.62780405,114.0327237,22.62271561
1194,1194,4,114.0307065,22.62780387,114.0327237,22.62271561
1195,1195,4,114.0316792,22.62780368,114.0327237,22.62271561
1196,1196,4,114.032652,22.62780348,114.0327237,22.62271561
1197,1197,4,114.0336247,22.62780328,114.0327237,22.62271561
1198,1198,4,114.0345975,22.62780307,114.0327237,22.62271561
1199,1199,4,114.0355702,22.62780286,114.0327237,22.62271561
1200,1200,4,114.036543,22.62780264,114.0327237,22.62271561
1201,1201,4,114.0375157,22.62780242,114.0327237,22.62271561
1202,1202,4,114.0384885,22.62780219,114.0327237,22.62271561
1203,1203,4,114.0394612,22.62780195,114.0327237,22.62271561
1204,1204,4,114.040434,22.62780171,114.0327237,22.62271561
1205,1205,4,114.0258429,22.62870775,114.0327237,22.62271561
1206,1206,4,114.0268157,22.62870759,114.0327237,22.62271561
1207,1207,4,114.0277884,22.62870742,114.0327237,22.62271561
1208,1208,4,114.0287612,22.62870725,114.0327237,22.62271561
1209,1209,4,114.0297339,22.62870707,114.0327237,22.62271561
1210,1210,4,114.0307067,22.62870689,114.0327237,22.62271561
1211,1211,4,114.0316794,22.6287067,114.0327237,22.62271561
1212,1212,4,114.0326522,22.62870651,114.0327237,22.62271561
1213,1213,4,114.033625,22.62870631,114.0327237,22.62271561
1214,1214,4,114.0345977,22.6287061,114.0327237,22.62271561
1215,1215,4,114.0355705,22.62870589,114.0327237,22.62271561
1216,1216,4,114.0365432,22.62870567,114.0327237,22.62271561
1217,1217,4,114.037516,22.62870544,114.0327237,22.62271561
1218,1218,4,114.0384887,22.62870521,114.0327237,22.62271561
1219,1219,4,114.0394615,22.62870498,114.0327237,22.62271561
1220,1220,4,114.0268159,22.62961061,114.0327237,22.62271561
1221,1221,4,114.0277886,22.62961045,114.0327237,22.62271561
1222,1222,4,114.0287614,22.62961028,114.0327237,22.62271561
1223,1223,4,114.0297341,22.6296101,114.0327237,22.62271561
1224,1224,4,114.0307069,22.62960992,114.0327237,22.62271561
1225,1225,4,114.0316797,22.62960973,114.0327237,22.62271561
1226,1226,4,114.0326524,22.62960953,114.0327237,22.62271561
1227,1227,4,114.0336252,22.62960933,114.0327237,22.62271561
1228,1228,4,114.0345979,22.62960912,114.0327237,22.62271561
1229,1229,4,114.0355707,22.62960891,114.0327237,22.62271561
1230,1230,4,114.0365435,22.62960869,114.0327237,22.62271561
1231,1231,4,114.0375162,22.62960847,114.0327237,22.62271561
1232,1232,4,114.038489,22.62960824,114.0327237,22.62271561
1233,1233,4,114.0287616,22.6305133,114.0327237,22.62271561
1234,1234,4,114.0297343,22.63051312,114.0327237,22.62271561
1235,1235,4,114.0307071,22.63051294,114.0327237,22.62271561
1236,1236,4,114.0316799,22.63051275,114.0327237,22.62271561
1237,1237,4,114.0326526,22.63051256,114.0327237,22.62271561
1238,1238,4,114.0336254,22.63051236,114.0327237,22.62271561
1239,1239,4,114.0345982,22.63051215,114.0327237,22.62271561
1240,1240,4,114.0355709,22.63051194,114.0327237,22.62271561
1241,1241,4,114.0365437,22.63051172,114.0327237,22.62271561
1242,1242,4,114.0375165,22.63051149,114.0327237,22.62271561
1243,1243,4,114.0307073,22.63141597,114.0327237,22.62271561
1244,1244,4,114.0316801,22.63141578,114.0327237,22.62271561
1245,1245,4,114.0326528,22.63141558,114.0327237,22.62271561
1246,1246,4,114.0336256,22.63141538,114.0327237,22.62271561
1247,1247,4,114.0345984,22.63141517,114.0327237,22.62271561
1248,1248,5,114.3547731,22.68340113,114.356735,22.69202871
1249,1249,5,114.3557462,22.68339898,114.356735,22.69202871
1250,1250,5,114.3567193,22.68339681,114.356735,22.69202871
1251,1251,5,114.3576924,22.68339464,114.356735,22.69202871
1252,1252,5,114.3586656,22.68339246,114.356735,22.69202871
1253,1253,5,114.351856,22.68431058,114.356735,22.69202871
1254,1254,5,114.3528291,22.68430844,114.356735,22.69202871
1255,1255,5,114.3538023,22.68430629,114.356735,22.69202871
1256,1256,5,114.3547754,22.68430414,114.356735,22.69202871
1257,1257,5,114.3557485,22.68430198,114.356735,22.69202871
1258,1258,5,114.3567217,22.68429981,114.356735,22.69202871
1259,1259,5,114.3576948,22.68429764,114.356735,22.69202871
1260,1260,5,114.3586679,22.68429546,114.356735,22.69202871
1261,1261,5,114.359641,22.68429328,114.356735,22.69202871
1262,1262,5,114.3606142,22.68429109,114.356735,22.69202871
1263,1263,5,114.3615873,22.6842889,114.356735,22.69202871
1264,1264,5,114.3508852,22.68521572,114.356735,22.69202871
1265,1265,5,114.3518583,22.68521358,114.356735,22.69202871
1266,1266,5,114.3528314,22.68521144,114.356735,22.69202871
1267,1267,5,114.3538046,22.68520929,114.356735,22.69202871
1268,1268,5,114.3547777,22.68520714,114.356735,22.69202871
1269,1269,5,114.3557509,22.68520498,114.356735,22.69202871
1270,1270,5,114.356724,22.68520281,114.356735,22.69202871
1271,1271,5,114.3576971,22.68520064,114.356735,22.69202871
1272,1272,5,114.3586703,22.68519846,114.356735,22.69202871
1273,1273,5,114.3596434,22.68519628,114.356735,22.69202871
1274,1274,5,114.3606165,22.68519409,114.356735,22.69202871
1275,1275,5,114.3615897,22.6851919,114.356735,22.69202871
1276,1276,5,114.3625628,22.6851897,114.356735,22.69202871
1277,1277,5,114.3499143,22.68612085,114.356735,22.69202871
1278,1278,5,114.3508875,22.68611872,114.356735,22.69202871
1279,1279,5,114.3518606,22.68611658,114.356735,22.69202871
1280,1280,5,114.3528338,22.68611444,114.356735,22.69202871
1281,1281,5,114.3538069,22.68611229,114.356735,22.69202871
1282,1282,5,114.35478,22.68611014,114.356735,22.69202871
1283,1283,5,114.3557532,22.68610798,114.356735,22.69202871
1284,1284,5,114.3567263,22.68610581,114.356735,22.69202871
1285,1285,5,114.3576995,22.68610364,114.356735,22.69202871
1286,1286,5,114.3586726,22.68610147,114.356735,22.69202871
1287,1287,5,114.3596457,22.68609928,114.356735,22.69202871
1288,1288,5,114.3606189,22.68609709,114.356735,22.69202871
1289,1289,5,114.361592,22.6860949,114.356735,22.69202871
1290,1290,5,114.3625652,22.6860927,114.356735,22.69202871
1291,1291,5,114.3635383,22.68609049,114.356735,22.69202871
1292,1292,5,114.3489435,22.68702597,114.356735,22.69202871
1293,1293,5,114.3499166,22.68702385,114.356735,22.69202871
1294,1294,5,114.3508898,22.68702172,114.356735,22.69202871
1295,1295,5,114.3518629,22.68701958,114.356735,22.69202871
1296,1296,5,114.3528361,22.68701744,114.356735,22.69202871
1297,1297,5,114.3538092,22.68701529,114.356735,22.69202871
1298,1298,5,114.3547824,22.68701314,114.356735,22.69202871
1299,1299,5,114.3557555,22.68701098,114.356735,22.69202871
1300,1300,5,114.3567287,22.68700882,114.356735,22.69202871
1301,1301,5,114.3577018,22.68700664,114.356735,22.69202871
1302,1302,5,114.358675,22.68700447,114.356735,22.69202871
1303,1303,5,114.3596481,22.68700228,114.356735,22.69202871
1304,1304,5,114.3606212,22.68700009,114.356735,22.69202871
1305,1305,5,114.3615944,22.6869979,114.356735,22.69202871
1306,1306,5,114.3625675,22.6869957,114.356735,22.69202871
1307,1307,5,114.3635407,22.68699349,114.356735,22.69202871
1308,1308,5,114.3645138,22.68699128,114.356735,22.69202871
1309,1309,5,114.3489458,22.68792898,114.356735,22.69202871
1310,1310,5,114.3499189,22.68792685,114.356735,22.69202871
1311,1311,5,114.3508921,22.68792472,114.356735,22.69202871
1312,1312,5,114.3518652,22.68792259,114.356735,22.69202871
1313,1313,5,114.3528384,22.68792044,114.356735,22.69202871
1314,1314,5,114.3538115,22.6879183,114.356735,22.69202871
1315,1315,5,114.3547847,22.68791614,114.356735,22.69202871
1316,1316,5,114.3557578,22.68791398,114.356735,22.69202871
1317,1317,5,114.356731,22.68791182,114.356735,22.69202871
1318,1318,5,114.3577042,22.68790965,114.356735,22.69202871
1319,1319,5,114.3586773,22.68790747,114.356735,22.69202871
1320,1320,5,114.3596505,22.68790528,114.356735,22.69202871
1321,1321,5,114.3606236,22.6879031,114.356735,22.69202871
1322,1322,5,114.3615968,22.6879009,114.356735,22.69202871
1323,1323,5,114.3625699,22.6878987,114.356735,22.69202871
1324,1324,5,114.3635431,22.68789649,114.356735,22.69202871
1325,1325,5,114.3645162,22.68789428,114.356735,22.69202871
1326,1326,5,114.3479749,22.6888341,114.356735,22.69202871
1327,1327,5,114.3489481,22.68883198,114.356735,22.69202871
1328,1328,5,114.3499212,22.68882985,114.356735,22.69202871
1329,1329,5,114.3508944,22.68882772,114.356735,22.69202871
1330,1330,5,114.3518675,22.68882559,114.356735,22.69202871
1331,1331,5,114.3528407,22.68882345,114.356735,22.69202871
1332,1332,5,114.3538139,22.6888213,114.356735,22.69202871
1333,1333,5,114.354787,22.68881914,114.356735,22.69202871
1334,1334,5,114.3557602,22.68881698,114.356735,22.69202871
1335,1335,5,114.3567333,22.68881482,114.356735,22.69202871
1336,1336,5,114.3577065,22.68881265,114.356735,22.69202871
1337,1337,5,114.3586797,22.68881047,114.356735,22.69202871
1338,1338,5,114.3596528,22.68880829,114.356735,22.69202871
1339,1339,5,114.360626,22.6888061,114.356735,22.69202871
1340,1340,5,114.3615991,22.6888039,114.356735,22.69202871
1341,1341,5,114.3625723,22.6888017,114.356735,22.69202871
1342,1342,5,114.3635455,22.68879949,114.356735,22.69202871
1343,1343,5,114.3645186,22.68879728,114.356735,22.69202871
1344,1344,5,114.3654918,22.68879506,114.356735,22.69202871
1345,1345,5,114.3479772,22.6897371,114.356735,22.69202871
1346,1346,5,114.3489503,22.68973498,114.356735,22.69202871
1347,1347,5,114.3499235,22.68973286,114.356735,22.69202871
1348,1348,5,114.3508967,22.68973073,114.356735,22.69202871
1349,1349,5,114.3518698,22.68972859,114.356735,22.69202871
1350,1350,5,114.352843,22.68972645,114.356735,22.69202871
1351,1351,5,114.3538162,22.6897243,114.356735,22.69202871
1352,1352,5,114.3547893,22.68972214,114.356735,22.69202871
1353,1353,5,114.3557625,22.68971999,114.356735,22.69202871
1354,1354,5,114.3567357,22.68971782,114.356735,22.69202871
1355,1355,5,114.3577088,22.68971565,114.356735,22.69202871
1356,1356,5,114.358682,22.68971347,114.356735,22.69202871
1357,1357,5,114.3596552,22.68971129,114.356735,22.69202871
1358,1358,5,114.3606283,22.6897091,114.356735,22.69202871
1359,1359,5,114.3616015,22.6897069,114.356735,22.69202871
1360,1360,5,114.3625747,22.6897047,114.356735,22.69202871
1361,1361,5,114.3635478,22.68970249,114.356735,22.69202871
1362,1362,5,114.364521,22.68970028,114.356735,22.69202871
1363,1363,5,114.3654942,22.68969806,114.356735,22.69202871
1364,1364,5,114.3479795,22.6906401,114.356735,22.69202871
1365,1365,5,114.3489526,22.69063798,114.356735,22.69202871
1366,1366,5,114.3499258,22.69063586,114.356735,22.69202871
1367,1367,5,114.350899,22.69063373,114.356735,22.69202871
1368,1368,5,114.3518721,22.69063159,114.356735,22.69202871
1369,1369,5,114.3528453,22.69062945,114.356735,22.69202871
1370,1370,5,114.3538185,22.6906273,114.356735,22.69202871
1371,1371,5,114.3547917,22.69062515,114.356735,22.69202871
1372,1372,5,114.3557648,22.69062299,114.356735,22.69202871
1373,1373,5,114.356738,22.69062082,114.356735,22.69202871
1374,1374,5,114.3577112,22.69061865,114.356735,22.69202871
1375,1375,5,114.3586844,22.69061647,114.356735,22.69202871
1376,1376,5,114.3596575,22.69061429,114.356735,22.69202871
1377,1377,5,114.3606307,22.6906121,114.356735,22.69202871
1378,1378,5,114.3616039,22.6906099,114.356735,22.69202871
1379,1379,5,114.362577,22.6906077,114.356735,22.69202871
1380,1380,5,114.3635502,22.69060549,114.356735,22.69202871
1381,1381,5,114.3645234,22.69060328,114.356735,22.69202871
1382,1382,5,114.3654966,22.69060106,114.356735,22.69202871
1383,1383,5,114.3479817,22.6915431,114.356735,22.69202871
1384,1384,5,114.3489549,22.69154098,114.356735,22.69202871
1385,1385,5,114.3499281,22.69153886,114.356735,22.69202871
1386,1386,5,114.3509013,22.69153673,114.356735,22.69202871
1387,1387,5,114.3518745,22.69153459,114.356735,22.69202871
1388,1388,5,114.3528476,22.69153245,114.356735,22.69202871
1389,1389,5,114.3538208,22.6915303,114.356735,22.69202871
1390,1390,5,114.354794,22.69152815,114.356735,22.69202871
1391,1391,5,114.3557672,22.69152599,114.356735,22.69202871
1392,1392,5,114.3567403,22.69152382,114.356735,22.69202871
1393,1393,5,114.3577135,22.69152165,114.356735,22.69202871
1394,1394,5,114.3586867,22.69151947,114.356735,22.69202871
1395,1395,5,114.3596599,22.69151729,114.356735,22.69202871
1396,1396,5,114.3606331,22.6915151,114.356735,22.69202871
1397,1397,5,114.3616062,22.6915129,114.356735,22.69202871
1398,1398,5,114.3625794,22.6915107,114.356735,22.69202871
1399,1399,5,114.3635526,22.69150849,114.356735,22.69202871
1400,1400,5,114.3645258,22.69150628,114.356735,22.69202871
1401,1401,5,114.365499,22.69150406,114.356735,22.69202871
1402,1402,5,114.347984,22.6924461,114.356735,22.69202871
1403,1403,5,114.3489572,22.69244398,114.356735,22.69202871
1404,1404,5,114.3499304,22.69244186,114.356735,22.69202871
1405,1405,5,114.3509036,22.69243973,114.356735,22.69202871
1406,1406,5,114.3518768,22.69243759,114.356735,22.69202871
1407,1407,5,114.3528499,22.69243545,114.356735,22.69202871
1408,1408,5,114.3538231,22.6924333,114.356735,22.69202871
1409,1409,5,114.3547963,22.69243115,114.356735,22.69202871
1410,1410,5,114.3557695,22.69242899,114.356735,22.69202871
1411,1411,5,114.3567427,22.69242682,114.356735,22.69202871
1412,1412,5,114.3577159,22.69242465,114.356735,22.69202871
1413,1413,5,114.3586891,22.69242247,114.356735,22.69202871
1414,1414,5,114.3596622,22.69242029,114.356735,22.69202871
1415,1415,5,114.3606354,22.6924181,114.356735,22.69202871
1416,1416,5,114.3616086,22.6924159,114.356735,22.69202871
1417,1417,5,114.3625818,22.6924137,114.356735,22.69202871
1418,1418,5,114.363555,22.69241149,114.356735,22.69202871
1419,1419,5,114.3645282,22.69240928,114.356735,22.69202871
1420,1420,5,114.3655013,22.69240706,114.356735,22.69202871
1421,1421,5,114.3479863,22.6933491,114.356735,22.69202871
1422,1422,5,114.3489595,22.69334699,114.356735,22.69202871
1423,1423,5,114.3499327,22.69334486,114.356735,22.69202871
1424,1424,5,114.3509059,22.69334273,114.356735,22.69202871
1425,1425,5,114.3518791,22.69334059,114.356735,22.69202871
1426,1426,5,114.3528523,22.69333845,114.356735,22.69202871
1427,1427,5,114.3538254,22.6933363,114.356735,22.69202871
1428,1428,5,114.3547986,22.69333415,114.356735,22.69202871
1429,1429,5,114.3557718,22.69333199,114.356735,22.69202871
1430,1430,5,114.356745,22.69332982,114.356735,22.69202871
1431,1431,5,114.3577182,22.69332765,114.356735,22.69202871
1432,1432,5,114.3586914,22.69332547,114.356735,22.69202871
1433,1433,5,114.3596646,22.69332329,114.356735,22.69202871
1434,1434,5,114.3606378,22.6933211,114.356735,22.69202871
1435,1435,5,114.361611,22.6933189,114.356735,22.69202871
1436,1436,5,114.3625842,22.6933167,114.356735,22.69202871
1437,1437,5,114.3635574,22.69331449,114.356735,22.69202871
1438,1438,5,114.3645306,22.69331228,114.356735,22.69202871
1439,1439,5,114.3655037,22.69331006,114.356735,22.69202871
1440,1440,5,114.3479886,22.69425211,114.356735,22.69202871
1441,1441,5,114.3489618,22.69424999,114.356735,22.69202871
1442,1442,5,114.349935,22.69424786,114.356735,22.69202871
1443,1443,5,114.3509082,22.69424573,114.356735,22.69202871
1444,1444,5,114.3518814,22.6942436,114.356735,22.69202871
1445,1445,5,114.3528546,22.69424145,114.356735,22.69202871
1446,1446,5,114.3538278,22.6942393,114.356735,22.69202871
1447,1447,5,114.354801,22.69423715,114.356735,22.69202871
1448,1448,5,114.3557742,22.69423499,114.356735,22.69202871
1449,1449,5,114.3567474,22.69423282,114.356735,22.69202871
1450,1450,5,114.3577206,22.69423065,114.356735,22.69202871
1451,1451,5,114.3586938,22.69422847,114.356735,22.69202871
1452,1452,5,114.359667,22.69422629,114.356735,22.69202871
1453,1453,5,114.3606402,22.6942241,114.356735,22.69202871
1454,1454,5,114.3616133,22.6942219,114.356735,22.69202871
1455,1455,5,114.3625865,22.6942197,114.356735,22.69202871
1456,1456,5,114.3635597,22.69421749,114.356735,22.69202871
1457,1457,5,114.3645329,22.69421528,114.356735,22.69202871
1458,1458,5,114.3655061,22.69421306,114.356735,22.69202871
1459,1459,5,114.3479909,22.69515511,114.356735,22.69202871
1460,1460,5,114.3489641,22.69515299,114.356735,22.69202871
1461,1461,5,114.3499373,22.69515086,114.356735,22.69202871
1462,1462,5,114.3509105,22.69514873,114.356735,22.69202871
1463,1463,5,114.3518837,22.6951466,114.356735,22.69202871
1464,1464,5,114.3528569,22.69514445,114.356735,22.69202871
1465,1465,5,114.3538301,22.6951423,114.356735,22.69202871
1466,1466,5,114.3548033,22.69514015,114.356735,22.69202871
1467,1467,5,114.3557765,22.69513799,114.356735,22.69202871
1468,1468,5,114.3567497,22.69513582,114.356735,22.69202871
1469,1469,5,114.3577229,22.69513365,114.356735,22.69202871
1470,1470,5,114.3586961,22.69513147,114.356735,22.69202871
1471,1471,5,114.3596693,22.69512929,114.356735,22.69202871
1472,1472,5,114.3606425,22.6951271,114.356735,22.69202871
1473,1473,5,114.3616157,22.6951249,114.356735,22.69202871
1474,1474,5,114.3625889,22.6951227,114.356735,22.69202871
1475,1475,5,114.3635621,22.69512049,114.356735,22.69202871
1476,1476,5,114.3645353,22.69511828,114.356735,22.69202871
1477,1477,5,114.3655085,22.69511606,114.356735,22.69202871
1478,1478,5,114.3489663,22.69605599,114.356735,22.69202871
1479,1479,5,114.3499396,22.69605386,114.356735,22.69202871
1480,1480,5,114.3509128,22.69605173,114.356735,22.69202871
1481,1481,5,114.351886,22.6960496,114.356735,22.69202871
1482,1482,5,114.3528592,22.69604745,114.356735,22.69202871
1483,1483,5,114.3538324,22.69604531,114.356735,22.69202871
1484,1484,5,114.3548056,22.69604315,114.356735,22.69202871
1485,1485,5,114.3557788,22.69604099,114.356735,22.69202871
1486,1486,5,114.356752,22.69603882,114.356735,22.69202871
1487,1487,5,114.3577252,22.69603665,114.356735,22.69202871
1488,1488,5,114.3586985,22.69603447,114.356735,22.69202871
1489,1489,5,114.3596717,22.69603229,114.356735,22.69202871
1490,1490,5,114.3606449,22.6960301,114.356735,22.69202871
1491,1491,5,114.3616181,22.6960279,114.356735,22.69202871
1492,1492,5,114.3625913,22.6960257,114.356735,22.69202871
1493,1493,5,114.3635645,22.69602349,114.356735,22.69202871
1494,1494,5,114.3645377,22.69602128,114.356735,22.69202871
1495,1495,5,114.3489686,22.69695899,114.356735,22.69202871
1496,1496,5,114.3499419,22.69695687,114.356735,22.69202871
1497,1497,5,114.3509151,22.69695473,114.356735,22.69202871
1498,1498,5,114.3518883,22.6969526,114.356735,22.69202871
1499,1499,5,114.3528615,22.69695045,114.356735,22.69202871
1500,1500,5,114.3538347,22.69694831,114.356735,22.69202871
1501,1501,5,114.3548079,22.69694615,114.356735,22.69202871
1502,1502,5,114.3557812,22.69694399,114.356735,22.69202871
1503,1503,5,114.3567544,22.69694182,114.356735,22.69202871
1504,1504,5,114.3577276,22.69693965,114.356735,22.69202871
1505,1505,5,114.3587008,22.69693747,114.356735,22.69202871
1506,1506,5,114.359674,22.69693529,114.356735,22.69202871
1507,1507,5,114.3606472,22.6969331,114.356735,22.69202871
1508,1508,5,114.3616205,22.6969309,114.356735,22.69202871
1509,1509,5,114.3625937,22.6969287,114.356735,22.69202871
1510,1510,5,114.3635669,22.69692649,114.356735,22.69202871
1511,1511,5,114.3645401,22.69692428,114.356735,22.69202871
1512,1512,5,114.3499441,22.69785987,114.356735,22.69202871
1513,1513,5,114.3509174,22.69785774,114.356735,22.69202871
1514,1514,5,114.3518906,22.6978556,114.356735,22.69202871
1515,1515,5,114.3528638,22.69785345,114.356735,22.69202871
1516,1516,5,114.353837,22.69785131,114.356735,22.69202871
1517,1517,5,114.3548103,22.69784915,114.356735,22.69202871
1518,1518,5,114.3557835,22.69784699,114.356735,22.69202871
1519,1519,5,114.3567567,22.69784482,114.356735,22.69202871
1520,1520,5,114.3577299,22.69784265,114.356735,22.69202871
1521,1521,5,114.3587032,22.69784047,114.356735,22.69202871
1522,1522,5,114.3596764,22.69783829,114.356735,22.69202871
1523,1523,5,114.3606496,22.6978361,114.356735,22.69202871
1524,1524,5,114.3616228,22.6978339,114.356735,22.69202871
1525,1525,5,114.3625961,22.6978317,114.356735,22.69202871
1526,1526,5,114.3635693,22.69782949,114.356735,22.69202871
1527,1527,5,114.3509197,22.69876074,114.356735,22.69202871
1528,1528,5,114.3518929,22.6987586,114.356735,22.69202871
1529,1529,5,114.3528661,22.69875646,114.356735,22.69202871
1530,1530,5,114.3538394,22.69875431,114.356735,22.69202871
1531,1531,5,114.3548126,22.69875215,114.356735,22.69202871
1532,1532,5,114.3557858,22.69874999,114.356735,22.69202871
1533,1533,5,114.3567591,22.69874782,114.356735,22.69202871
1534,1534,5,114.3577323,22.69874565,114.356735,22.69202871
1535,1535,5,114.3587055,22.69874347,114.356735,22.69202871
1536,1536,5,114.3596787,22.69874129,114.356735,22.69202871
1537,1537,5,114.360652,22.6987391,114.356735,22.69202871
1538,1538,5,114.3616252,22.6987369,114.356735,22.69202871
1539,1539,5,114.3625984,22.6987347,114.356735,22.69202871
1540,1540,5,114.3518952,22.6996616,114.356735,22.69202871
1541,1541,5,114.3528684,22.69965946,114.356735,22.69202871
1542,1542,5,114.3538417,22.69965731,114.356735,22.69202871
1543,1543,5,114.3548149,22.69965515,114.356735,22.69202871
1544,1544,5,114.3557882,22.69965299,114.356735,22.69202871
1545,1545,5,114.3567614,22.69965082,114.356735,22.69202871
1546,1546,5,114.3577346,22.69964865,114.356735,22.69202871
1547,1547,5,114.3587079,22.69964647,114.356735,22.69202871
1548,1548,5,114.3596811,22.69964429,114.356735,22.69202871
1549,1549,5,114.3606543,22.6996421,114.356735,22.69202871
1550,1550,5,114.3616276,22.6996399,114.356735,22.69202871
1551,1551,5,114.353844,22.70056031,114.356735,22.69202871
1552,1552,5,114.3548172,22.70055815,114.356735,22.69202871
1553,1553,5,114.3557905,22.70055599,114.356735,22.69202871
1554,1554,5,114.3567637,22.70055382,114.356735,22.69202871
1555,1555,5,114.357737,22.70055165,114.356735,22.69202871
1556,1556,5,114.3587102,22.70054947,114.356735,22.69202871
1557,1557,5,114.3596835,22.70054729,114.356735,22.69202871
